  ✓ [   1] pend=1685 index_letter  https://www.smcworld.com/webcatalog/en-jp/indexSearch/G                rows=25 series_new=8 cat_new=2
  ✓ [   2] pend=1684 index_letter  https://www.smcworld.com/webcatalog/en-jp/indexSearch/H                rows=122 series_new=72 cat_new=14
  ✓ [   3] pend=1683 index_letter  https://www.smcworld.com/webcatalog/en-jp/indexSearch/I                rows=138 series_new=71 cat_new=14
  ✓ [   4] pend=1682 index_letter  https://www.smcworld.com/webcatalog/en-jp/indexSearch/J                rows=97 series_new=43 cat_new=8
  ✓ [   5] pend=1681 index_letter  https://www.smcworld.com/webcatalog/en-jp/indexSearch/K                rows=63 series_new=31 cat_new=2
  ✓ [   6] pend=1680 index_letter  https://www.smcworld.com/webcatalog/en-jp/indexSearch/L                rows=130 series_new=90 cat_new=16
  ✓ [   7] pend=1679 index_letter  https://www.smcworld.com/webcatalog/en-jp/indexSearch/M                rows=167 series_new=94 cat_new=5
  ✓ [   8] pend=1678 index_letter  https://www.smcworld.com/webcatalog/en-jp/indexSearch/N                rows=15 series_new=6 cat_new=1
  ✓ [   9] pend=1677 index_letter  https://www.smcworld.com/webcatalog/en-jp/indexSearch/O                
  ✓ [  10] pend=1676 index_letter  https://www.smcworld.com/webcatalog/en-jp/indexSearch/P                rows=81 series_new=41 cat_new=7
  ✓ [  11] pend=1675 index_letter  https://www.smcworld.com/webcatalog/en-jp/indexSearch/Q                
  ✓ [  12] pend=1674 index_letter  https://www.smcworld.com/webcatalog/en-jp/indexSearch/R                rows=29 series_new=18 cat_new=3
  ✓ [  13] pend=1674 index_letter  https://www.smcworld.com/webcatalog/en-jp/indexSearch/S                new_urls=1 rows=100 series_new=32 cat_new=6
  ✓ [  14] pend=1673 index_letter  https://www.smcworld.com/webcatalog/en-jp/indexSearch/T                rows=70 series_new=44 cat_new=1
  ✓ [  15] pend=1672 index_letter  https://www.smcworld.com/webcatalog/en-jp/indexSearch/U                
  ✓ [  16] pend=1671 index_letter  https://www.smcworld.com/webcatalog/en-jp/indexSearch/V                rows=291 series_new=98 cat_new=6
  ✓ [  17] pend=1670 index_letter  https://www.smcworld.com/webcatalog/en-jp/indexSearch/W                rows=19 series_new=6 cat_new=1
  ✓ [  18] pend=1669 index_letter  https://www.smcworld.com/webcatalog/en-jp/indexSearch/X                rows=26 series_new=10 cat_new=1
  ✓ [  19] pend=1668 index_letter  https://www.smcworld.com/webcatalog/en-jp/indexSearch/Y                
  ✓ [  20] pend=1667 index_letter  https://www.smcworld.com/webcatalog/en-jp/indexSearch/Z                rows=128 series_new=58 cat_new=6
  ✓ [  21] pend=1679 category      https://www.smcworld.com/webcatalog/en-jp/air-cylinders/               new_urls=16
  ✓ [  22] pend=1678 category      https://www.smcworld.com/webcatalog/en-jp/air-management-system/       
  ✓ [  23] pend=1677 category      https://www.smcworld.com/webcatalog/en-jp/booster-regulators/          new_urls=1
  ✓ [  24] pend=1676 category      tps://www.smcworld.com/webcatalog/en-jp/temperature-control-equipment/ new_urls=8
  ✓ [  25] pend=1675 category      mcworld.com/webcatalog/en-jp/static-neutralization-equipment-ionizers/ 
  ✓ [  26] pend=1674 category      https://www.smcworld.com/webcatalog/en-jp/process-valves/              new_urls=3
  ✓ [  27] pend=1673 category      https://www.smcworld.com/webcatalog/en-jp/directional-control-valves/  new_urls=1
  ✓ [  28] pend=1672 category      tps://www.smcworld.com/webcatalog/en-jp/rotary-actuators-air-grippers/ new_urls=3
  ✓ [  29] pend=1671 category      ttps://www.smcworld.com/webcatalog/en-jp/electric-actuators-cylinders/ new_urls=3
  ✓ [  30] pend=1671 category      https://www.smcworld.com/webcatalog/en-jp/vacuum-equipment/            new_urls=4
  ✓ [  31] pend=1670 category      https://www.smcworld.com/webcatalog/en-jp/air-preparation-equipment/   new_urls=1
  ✓ [  32] pend=1669 category      rld.com/webcatalog/en-jp/modular-frl-units-pressure-control-equipment/ 
  ✓ [  33] pend=1668 category      https://www.smcworld.com/webcatalog/en-jp/fittings-and-tubing/         
  ✓ [  34] pend=1667 category      mcworld.com/webcatalog/en-jp/flow-control-equipment-speed-controllers/ new_urls=2
  ✓ [  35] pend=1666 category      ttps://www.smcworld.com/webcatalog/en-jp/switches-sensors-controllers/ new_urls=3
  ✓ [  36] pend=1665 category      https://www.smcworld.com/webcatalog/en-jp/process-valves               
  ✓ [  37] pend=1664 category      smcworld.com/webcatalog/en-jp/static-neutralization-equipment-ionizers 
  ✓ [  38] pend=1663 category      /webcatalog/en-jp/silencers-exhaust-cleaners-blow-guns-pressure-gauges 
  ✓ [  39] pend=1662 category      https://www.smcworld.com/webcatalog/en-jp/industrial-communication/    
  ✓ [  40] pend=1661 category      ://www.smcworld.com/webcatalog/en-jp/gripper-for-collaborative-robots/ 
  ✓ [  41] pend=1660 category      https://www.smcworld.com/webcatalog/en-jp/compact-compressors/         
  ✓ [  42] pend=1659 category      https://www.smcworld.com/webcatalog/en-jp/modular-frl-units/           
  ✓ [  43] pend=1659 category      https://www.smcworld.com/webcatalog/en-jp/pressure-control-equipment/  new_urls=1
  ✓ [  44] pend=1658 category      https://www.smcworld.com/webcatalog/en-jp/lubrication-equipment/       new_urls=1
  ✓ [  45] pend=1657 category      https://www.smcworld.com/webcatalog/en-jp/gas-generator/               
  ✓ [  46] pend=1656 category      webcatalog/en-jp/silencers-exhaust-cleaners-blow-guns-pressure-gauges/ 
  ✓ [  47] pend=1655 category      https://www.smcworld.com/webcatalog/en-jp/air-blowing-equipment/       
  ✓ [  48] pend=1654 category      webcatalog/en-jp/chemical-liquid-valves-fittings-needle-valves-tubing/ new_urls=3
  ✓ [  49] pend=1653 category      tps://www.smcworld.com/webcatalog/en-jp/process-pumps-diaphragm-pumps/ new_urls=4
  ✓ [  50] pend=1652 category      https://www.smcworld.com/webcatalog/en-jp/process-gas-equipment/       new_urls=4
  ✓ [  51] pend=1651 category      https://www.smcworld.com/webcatalog/en-jp/high-vacuum-equipment/       new_urls=3
  ✓ [  52] pend=1650 category      world.com/webcatalog/en-jp/industrial-filters-sintered-metal-elements/ 
  ✓ [  53] pend=1649 category      www.smcworld.com/webcatalog/en-jp/pneumatic-instrumentation-equipment/ new_urls=1
  ✓ [  54] pend=1648 category      https://www.smcworld.com/webcatalog/en-jp/hydraulic-equipment/         
  ✓ [  55] pend=1647 category      ww.smcworld.com/webcatalog/en-jp/clean-series-low-particle-generation/ new_urls=1
  ✓ [  56] pend=1646 category      w.smcworld.com/webcatalog/en-jp/fluoropolymer-equipment-pvc-equipment/ 
  ✓ [  57] pend=1645 category      mcworld.com/webcatalog/en-jp/copper-fluorine-free-equipment-series-20/ 
  ✓ [  58] pend=1644 category      ebcatalog/en-jp/series-compatible-with-secondary-batteries-series-25a/ new_urls=4
  ✓ [  59] pend=1643 category      https://www.smcworld.com/webcatalog/en-jp/iso-products/                
  ✓ [  60] pend=1642 category      tps://www.smcworld.com/webcatalog/en-jp/arc-welding-process-equipment/ new_urls=1
  ✓ [  61] pend=1641 category      https://www.smcworld.com/webcatalog/en-jp/io-link-compatible-products/ 
  ✓ [  62] pend=1640 category      s://www.smcworld.com/webcatalog/en-jp/nitrogen-n2-ompatible-equipment/ new_urls=1
  ✓ [  63] pend=1639 category      https://www.smcworld.com/webcatalog/en-jp/atex/                        
  ✓ [  64] pend=1638 category      ld.com/webcatalog/en-jp/equipment-for-the-food-manufacturing-industry/ new_urls=1
  ✓ [  65] pend=1637 category      world.com/webcatalog/en-jp/equipment-for-the-semiconductor-industries/ 
  ✓ [  66] pend=1636 category      quipment-for-the-semiconductor-industries-temperature-adjustment-line/ 
  ✓ [  67] pend=1638 category      tps://www.smcworld.com/webcatalog/en-jp/explosion-proof-valves-ex-ccc/ new_urls=3
  ✓ [  68] pend=1640 subcategory   world.com/webcatalog/en-jp/directional-control-valves/wireless-system/ new_urls=3
  ✓ [  69] pend=1639 category      https://www.smcworld.com/webcatalog/en-jp/directional-control-valves   
  ✓ [  70] pend=1641 subcategory   orld.com/webcatalog/en-jp/air-management-system/air-management-system/ new_urls=3
  ✓ [  71] pend=1640 category      https://www.smcworld.com/webcatalog/en-jp/air-management-system        
  ✓ [  72] pend=1641 subcategory   jp/directional-control-valves/pilot-operated-4-5-port-solenoid-valves/ new_urls=2
  ✓ [  73] pend=1642 subcategory   n-jp/directional-control-valves/pilot-operated-3-port-solenoid-valves/ new_urls=2
  ✓ [  74] pend=1643 subcategory   directional-control-valves/direct-operated-3-4-5-port-solenoid-valves/ new_urls=2
  ✓ [  75] pend=1644 subcategory   talog/en-jp/directional-control-valves/reduced-wiring-fieldbus-system/ new_urls=2
  ✓ [  76] pend=1645 subcategory   d.com/webcatalog/en-jp/directional-control-valves/air-operated-valves/ new_urls=2
  ✓ [  77] pend=1646 subcategory   talog/en-jp/directional-control-valves/mechanical-valves-transmitters/ new_urls=2
  ✓ [  78] pend=1647 subcategory   -control-valves/finger-valve-hand-valves-residual-relief-3-port-valve/ new_urls=2
  ✓ [  79] pend=1648 subcategory   ww.smcworld.com/webcatalog/en-jp/directional-control-valves/blow-guns/ new_urls=2
  ✓ [  80] pend=1649 subcategory   smcworld.com/webcatalog/en-jp/directional-control-valves/power-valves/ new_urls=2
  ✓ [  81] pend=1650 subcategory   w.smcworld.com/webcatalog/en-jp/directional-control-valves/iso-valves/ new_urls=2
  ✓ [  82] pend=1651 subcategory   om/webcatalog/en-jp/directional-control-valves/explosion-proof-valves/ new_urls=2
  ✓ [  83] pend=1653 subcategory   .smcworld.com/webcatalog/en-jp/air-cylinders/air-cylinders-round-type/ new_urls=3
  ✓ [  84] pend=1652 category      https://www.smcworld.com/webcatalog/en-jp/air-cylinders                
  ✓ [  85] pend=1656 subcategory   mcworld.com/webcatalog/en-jp/air-cylinders/air-cylinders-square-cover/ new_urls=5
  ✗ category      https://www.smcworld.com/webcatalog/en-jp/leak-detector/
  ✓ [  86] pend=1656 subcategory   www.smcworld.com/webcatalog/en-jp/air-cylinders/compact-air-cylinders/ new_urls=2
  ✓ [  87] pend=1657 subcategory   ld.com/webcatalog/en-jp/air-cylinders/environment-resistant-cylinders/ new_urls=2
  ✓ [  88] pend=1658 subcategory   w.smcworld.com/webcatalog/en-jp/air-cylinders/floating-joints-rod-end/ new_urls=2
  ✓ [  89] pend=1659 subcategory   tps://www.smcworld.com/webcatalog/en-jp/air-cylinders/air-hydro-units/ new_urls=2
  ✓ [  90] pend=1660 subcategory   webcatalog/en-jp/air-cylinders/mechanically-jointed-rodless-cylinders/ new_urls=2
  ✓ [  91] pend=1661 subcategory   webcatalog/en-jp/air-cylinders/magnetically-coupled-rodless-cylinders/ new_urls=2
  ✓ [  92] pend=1662 subcategory   tps://www.smcworld.com/webcatalog/en-jp/air-cylinders/table-cylinders/ new_urls=2
  ✓ [  93] pend=1663 subcategory   tps://www.smcworld.com/webcatalog/en-jp/air-cylinders/guide-cylinders/ new_urls=2
  ✓ [  94] pend=1664 subcategory   ://www.smcworld.com/webcatalog/en-jp/air-cylinders/dual-rod-cylinders/ new_urls=2
  ✓ [  95] pend=1665 subcategory   bcatalog/en-jp/air-cylinders/lock-cylinders-cylinder-with-an-end-lock/ new_urls=2
  ✓ [  96] pend=1666 subcategory   //www.smcworld.com/webcatalog/en-jp/air-cylinders/fine-lock-cylinders/ new_urls=2
  ✓ [  97] pend=1667 subcategory   //www.smcworld.com/webcatalog/en-jp/air-cylinders/specialty-cylinders/ new_urls=2
  ✓ [  98] pend=1668 subcategory   tps://www.smcworld.com/webcatalog/en-jp/air-cylinders/clamp-cylinders/ new_urls=2
  ✓ [  99] pend=1669 subcategory   ://www.smcworld.com/webcatalog/en-jp/air-cylinders/pin-shift-cylinder/ new_urls=2
  ✓ [ 100] pend=1670 subcategory   s://www.smcworld.com/webcatalog/en-jp/air-cylinders/stopper-cylinders/ new_urls=2
  ✓ [ 101] pend=1671 subcategory   .smcworld.com/webcatalog/en-jp/air-cylinders/stroke-reading-cylinders/ new_urls=2
  ✓ [ 102] pend=1672 subcategory   cworld.com/webcatalog/en-jp/air-cylinders/valve-mounted-air-cylinders/ new_urls=2
  ✓ [ 103] pend=1673 subcategory   ://www.smcworld.com/webcatalog/en-jp/air-cylinders/iso-cylinders-6432/ new_urls=2
  ✓ [ 104] pend=1674 subcategory   //www.smcworld.com/webcatalog/en-jp/air-cylinders/iso-cylinders-15552/ new_urls=2
  ✓ [ 105] pend=1675 subcategory   //www.smcworld.com/webcatalog/en-jp/air-cylinders/iso-cylinders-21287/ new_urls=2
  ✓ [ 106] pend=1676 subcategory   https://www.smcworld.com/webcatalog/en-jp/air-cylinders/iso-cylinders/ new_urls=2
  ✓ [ 107] pend=1677 subcategory   tps://www.smcworld.com/webcatalog/en-jp/air-cylinders/shock-absorbers/ new_urls=2
  ✓ [ 108] pend=1678 subcategory   https://www.smcworld.com/webcatalog/en-jp/air-cylinders/auto-switches/ new_urls=2
  ✓ [ 109] pend=1679 subcategory   ww.smcworld.com/webcatalog/en-jp/air-cylinders/wireless-auto-switches/ new_urls=2
  ✓ [ 110] pend=1680 subcategory   .smcworld.com/webcatalog/en-jp/air-cylinders/actuator-position-sensor/ new_urls=2
  ✓ [ 111] pend=1681 subcategory   bcatalog/en-jp/air-cylinders/flow-control-equipment-speed-controllers/ new_urls=2
  ✓ [ 112] pend=1683 subcategory   atalog/en-jp/rotary-actuators-air-grippers/rotary-actuators-vane-type/ new_urls=3
  ✓ [ 113] pend=1682 category      ttps://www.smcworld.com/webcatalog/en-jp/rotary-actuators-air-grippers 
  ✓ [ 114] pend=1683 subcategory   en-jp/rotary-actuators-air-grippers/rotary-actuators-rack-pinion-type/ new_urls=2
  ✓ [ 115] pend=1684 subcategory   atalog/en-jp/rotary-actuators-air-grippers/parallel-type-air-grippers/ new_urls=2
  ✓ [ 116] pend=1685 subcategory   catalog/en-jp/rotary-actuators-air-grippers/angular-type-air-grippers/ new_urls=2
  ✓ [ 117] pend=1686 subcategory   ld.com/webcatalog/en-jp/rotary-actuators-air-grippers/elastic-fingers/ new_urls=2
  ✓ [ 118] pend=1687 subcategory   ld.com/webcatalog/en-jp/rotary-actuators-air-grippers/magnet-grippers/ new_urls=2
  ✓ [ 119] pend=1688 subcategory   tary-actuators-air-grippers/air-gripper-unit-for-collaborative-robots/ new_urls=2
  ✓ [ 120] pend=1689 subcategory   orld.com/webcatalog/en-jp/rotary-actuators-air-grippers/auto-switches/ new_urls=2
  ✓ [ 121] pend=1690 subcategory   ld.com/webcatalog/en-jp/rotary-actuators-air-grippers/position-sensor/ new_urls=2
  ✓ [ 122] pend=1692 subcategory   smcworld.com/webcatalog/en-jp/electric-actuators-cylinders/e-actuator/ new_urls=3
  ✓ [ 123] pend=1691 category      https://www.smcworld.com/webcatalog/en-jp/electric-actuators-cylinders 
  ✓ [ 124] pend=1692 subcategory   /manifold-controller-manifold-controller-compatible-electric-actuator/ new_urls=2
  ✓ [ 125] pend=1693 subcategory   en-jp/electric-actuators-cylinders/battery-less-absolute-encoder-type/ new_urls=2
  ✓ [ 126] pend=1694 subcategory   mcworld.com/webcatalog/en-jp/electric-actuators-cylinders/slider-type/ new_urls=2
  ✓ [ 127] pend=1695 subcategory   webcatalog/en-jp/electric-actuators-cylinders/rod-type-guide-rod-type/ new_urls=2
  ✓ [ 128] pend=1696 subcategory   m/webcatalog/en-jp/electric-actuators-cylinders/electric-slide-tables/ new_urls=2
  ✓ [ 129] pend=1697 subcategory   .smcworld.com/webcatalog/en-jp/electric-actuators-cylinders/miniature/ new_urls=2
  ✓ [ 130] pend=1698 subcategory   /webcatalog/en-jp/electric-actuators-cylinders/electric-rotary-tables/ new_urls=2
  ✓ [ 131] pend=1699 subcategory   d.com/webcatalog/en-jp/electric-actuators-cylinders/electric-grippers/ new_urls=2
  ✓ [ 132] pend=1700 subcategory   ic-actuators-cylinders/electric-gripper-unit-for-collaborative-robots/ new_urls=2
  ✓ [ 133] pend=1701 subcategory   com/webcatalog/en-jp/electric-actuators-cylinders/controllers-drivers/ new_urls=2
  ✓ [ 134] pend=1702 subcategory   cworld.com/webcatalog/en-jp/electric-actuators-cylinders/teaching-box/ new_urls=2
  ✓ [ 135] pend=1703 subcategory   mcworld.com/webcatalog/en-jp/electric-actuators-cylinders/environment/ new_urls=2
  ✓ [ 136] pend=1704 subcategory   orld.com/webcatalog/en-jp/electric-actuators-cylinders/motorless-type/ new_urls=2
  ✓ [ 137] pend=1705 subcategory   d.com/webcatalog/en-jp/electric-actuators-cylinders/multi-axis-system/ new_urls=2
  ✓ [ 138] pend=1706 subcategory   .com/webcatalog/en-jp/electric-actuators-cylinders/electric-cylinders/ new_urls=2
  ✓ [ 139] pend=1707 subcategory   mcworld.com/webcatalog/en-jp/electric-actuators-cylinders/card-motors/ new_urls=2
  ✓ [ 140] pend=1708 subcategory   world.com/webcatalog/en-jp/electric-actuators-cylinders/made-to-order/ new_urls=2
  ✓ [ 141] pend=1710 subcategory   m/webcatalog/en-jp/vacuum-equipment/vacuum-ejectors-vacuum-generators/ new_urls=3
  ✓ [ 142] pend=1709 category      https://www.smcworld.com/webcatalog/en-jp/vacuum-equipment             
  ✓ [ 143] pend=1710 subcategory   ://www.smcworld.com/webcatalog/en-jp/vacuum-equipment/vacuum-ejectors/ new_urls=2
  ✓ [ 144] pend=1711 subcategory   com/webcatalog/en-jp/vacuum-equipment/vacuum-gripper-system-foam-type/ new_urls=2
  ✓ [ 145] pend=1712 subcategory   rld.com/webcatalog/en-jp/vacuum-equipment/vacuum-releaser-valve-units/ new_urls=2
  ✓ [ 146] pend=1713 subcategory   ww.smcworld.com/webcatalog/en-jp/vacuum-equipment/air-suction-filters/ new_urls=2
  ✓ [ 147] pend=1714 subcategory   ttps://www.smcworld.com/webcatalog/en-jp/vacuum-equipment/vacuum-pads/ new_urls=2
  ✓ [ 148] pend=1715 subcategory   tps://www.smcworld.com/webcatalog/en-jp/vacuum-equipment/special-pads/ new_urls=2
  ✓ [ 149] pend=1716 subcategory   bcatalog/en-jp/vacuum-equipment/gripper-unit-for-collaborative-robots/ new_urls=2
  ✓ [ 150] pend=1717 subcategory   w.smcworld.com/webcatalog/en-jp/vacuum-equipment/vacuum-saving-valves/ new_urls=2
  ✓ [ 151] pend=1718 subcategory   ps://www.smcworld.com/webcatalog/en-jp/vacuum-equipment/magnet-buffer/ new_urls=2
  ✓ [ 152] pend=1719 subcategory   ttps://www.smcworld.com/webcatalog/en-jp/vacuum-equipment/vacuum-flow/ new_urls=2
  ✓ [ 153] pend=1720 subcategory   /www.smcworld.com/webcatalog/en-jp/vacuum-equipment/vacuum-regulators/ new_urls=2
  ✓ [ 154] pend=1721 subcategory   ebcatalog/en-jp/vacuum-equipment/related-equipment-for-vacuum-systems/ new_urls=2
  ✓ [ 155] pend=1723 subcategory   m/webcatalog/en-jp/gripper-for-collaborative-robots/electric-grippers/ new_urls=3
  ✓ [ 156] pend=1722 category      s://www.smcworld.com/webcatalog/en-jp/gripper-for-collaborative-robots 
  ✓ [ 157] pend=1723 subcategory   talog/en-jp/gripper-for-collaborative-robots/electric-vacuum-grippers/ new_urls=2
  ✓ [ 158] pend=1724 subcategory   ld.com/webcatalog/en-jp/gripper-for-collaborative-robots/air-grippers/ new_urls=2
  ✓ [ 159] pend=1725 subcategory   com/webcatalog/en-jp/gripper-for-collaborative-robots/vacuum-grippers/ new_urls=2
  ✓ [ 160] pend=1726 subcategory   com/webcatalog/en-jp/gripper-for-collaborative-robots/magnet-grippers/ new_urls=2
  ✓ [ 161] pend=1727 subcategory   com/webcatalog/en-jp/gripper-for-collaborative-robots/elastic-fingers/ new_urls=2
  ✓ [ 162] pend=1728 subcategory   /webcatalog/en-jp/gripper-for-collaborative-robots/multi-hand-adapter/ new_urls=2
  ✓ [ 163] pend=1729 subcategory   ld.com/webcatalog/en-jp/gripper-for-collaborative-robots/tool-changer/ new_urls=2
  ✓ [ 164] pend=1731 subcategory   smcworld.com/webcatalog/en-jp/compact-compressors/compact-compressors/ new_urls=3
  ✓ [ 165] pend=1730 category      https://www.smcworld.com/webcatalog/en-jp/compact-compressors          
  ✓ [ 166] pend=1732 subcategory   com/webcatalog/en-jp/air-preparation-equipment/aftercoolers-air-tanks/ new_urls=3
  ✓ [ 167] pend=1731 category      https://www.smcworld.com/webcatalog/en-jp/air-preparation-equipment    
  ✓ [ 168] pend=1732 subcategory   ww.smcworld.com/webcatalog/en-jp/air-preparation-equipment/air-dryers/ new_urls=2
  ✓ [ 169] pend=1733 subcategory   om/webcatalog/en-jp/air-preparation-equipment/air-preparation-filters/ new_urls=2
  ✓ [ 170] pend=1734 subcategory   jp/air-preparation-equipment/auto-drains-differential-pressure-gauges/ new_urls=2
  ✓ [ 171] pend=1736 subcategory   /en-jp/modular-frl-units-pressure-control-equipment/modular-frl-units/ new_urls=3
  ✓ [ 172] pend=1735 category      orld.com/webcatalog/en-jp/modular-frl-units-pressure-control-equipment 
  ✓ [ 173] pend=1736 subcategory   nits-pressure-control-equipment/modular-connection-compatible-devices/ new_urls=2
  ✓ [ 174] pend=1737 subcategory   catalog/en-jp/modular-frl-units-pressure-control-equipment/regulators/ new_urls=2
  ✓ [ 175] pend=1738 subcategory   lar-frl-units-pressure-control-equipment/electro-pneumatic-regulators/ new_urls=2
  ✓ [ 176] pend=1739 subcategory   dular-frl-units-pressure-control-equipment/proportional-control-valve/ new_urls=2
  ✓ [ 177] pend=1740 subcategory   n-jp/modular-frl-units-pressure-control-equipment/proportional-valves/ new_urls=2
  ✓ [ 178] pend=1741 subcategory   en-jp/modular-frl-units-pressure-control-equipment/booster-regulators/ new_urls=2
  ✓ [ 179] pend=1742 subcategory   jp/modular-frl-units-pressure-control-equipment/air-management-system/ new_urls=2
  ✓ [ 180] pend=1744 subcategory   /webcatalog/en-jp/modular-frl-units/modular-frl-units-air-combination/ new_urls=3
  ✓ [ 181] pend=1743 category      https://www.smcworld.com/webcatalog/en-jp/modular-frl-units            
  ✓ [ 182] pend=1744 subcategory   p/modular-frl-units/air-filters-mist-separators-micro-mist-separators/ new_urls=2
  ✓ [ 183] pend=1745 subcategory   tps://www.smcworld.com/webcatalog/en-jp/modular-frl-units/lubricators/ new_urls=2
  ✓ [ 184] pend=1746 subcategory   //www.smcworld.com/webcatalog/en-jp/modular-frl-units/modular-adapter/ new_urls=2
  ✓ [ 185] pend=1747 subcategory   .smcworld.com/webcatalog/en-jp/modular-frl-units/soft-start-up-valves/ new_urls=2
  ✓ [ 186] pend=1748 subcategory   .com/webcatalog/en-jp/modular-frl-units/pressure-relief-3-port-valves/ new_urls=2
  ✓ [ 187] pend=1749 subcategory   ttps://www.smcworld.com/webcatalog/en-jp/modular-frl-units/regulators/ new_urls=2
  ✓ [ 188] pend=1750 subcategory   www.smcworld.com/webcatalog/en-jp/modular-frl-units/filter-regulators/ new_urls=2
  ✓ [ 189] pend=1751 subcategory   catalog/en-jp/modular-frl-units/modular-connection-compatible-devices/ new_urls=2
  ✓ [ 190] pend=1753 subcategory   w.smcworld.com/webcatalog/en-jp/pressure-control-equipment/regulators/ new_urls=3
  ✓ [ 191] pend=1752 category      https://www.smcworld.com/webcatalog/en-jp/pressure-control-equipment   
  ✓ [ 192] pend=1753 subcategory   catalog/en-jp/pressure-control-equipment/electro-pneumatic-regulators/ new_urls=2
  ✓ [ 193] pend=1754 subcategory   d.com/webcatalog/en-jp/pressure-control-equipment/proportional-valves/ new_urls=2
  ✓ [ 194] pend=1755 subcategory   ebcatalog/en-jp/pressure-control-equipment/proportional-control-valve/ new_urls=2
  ✓ [ 195] pend=1756 subcategory   com/webcatalog/en-jp/pressure-control-equipment/air-management-system/ new_urls=2
  ✓ [ 196] pend=1758 subcategory   w.smcworld.com/webcatalog/en-jp/booster-regulators/booster-regulators/ new_urls=3
  ✓ [ 197] pend=1757 category      https://www.smcworld.com/webcatalog/en-jp/booster-regulators           
  ✓ [ 198] pend=1759 subcategory   orld.com/webcatalog/en-jp/lubrication-equipment/lubrication-equipment/ new_urls=3
  ✓ [ 199] pend=1758 category      https://www.smcworld.com/webcatalog/en-jp/lubrication-equipment        
  ✓ [ 200] pend=1760 subcategory   https://www.smcworld.com/webcatalog/en-jp/gas-generator/gas-generator/ new_urls=3
  ✓ [ 201] pend=1759 category      https://www.smcworld.com/webcatalog/en-jp/gas-generator                
  ✓ [ 202] pend=1761 subcategory   om/webcatalog/en-jp/fittings-and-tubing/fittings-for-general-purposes/ new_urls=3
  ✓ [ 203] pend=1760 category      https://www.smcworld.com/webcatalog/en-jp/fittings-and-tubing          
  ✓ [ 204] pend=1761 subcategory   .com/webcatalog/en-jp/fittings-and-tubing/s-couplers-multi-connectors/ new_urls=2
  ✓ [ 205] pend=1762 subcategory   ebcatalog/en-jp/fittings-and-tubing/fittings-for-special-environments/ new_urls=2
  ✓ [ 206] pend=1763 subcategory   smcworld.com/webcatalog/en-jp/fittings-and-tubing/clean-fluoropolymer/ new_urls=2
  ✓ [ 207] pend=1764 subcategory   https://www.smcworld.com/webcatalog/en-jp/fittings-and-tubing/tubings/ new_urls=2
  ✓ [ 208] pend=1765 subcategory   /webcatalog/en-jp/fittings-and-tubing/tubing-for-special-environments/ new_urls=2
  ✓ [ 209] pend=1766 subcategory   mcworld.com/webcatalog/en-jp/fittings-and-tubing/fluoropolymer-tubing/ new_urls=2
  ✓ [ 210] pend=1767 subcategory   ww.smcworld.com/webcatalog/en-jp/fittings-and-tubing/related-products/ new_urls=2
  ✓ [ 211] pend=1769 subcategory   talog/en-jp/flow-control-equipment-speed-controllers/general-purposes/ new_urls=3
  ✓ [ 212] pend=1768 category      smcworld.com/webcatalog/en-jp/flow-control-equipment-speed-controllers 
  ✓ [ 213] pend=1769 subcategory   alog/en-jp/flow-control-equipment-speed-controllers/low-speed-control/ new_urls=2
  ✓ [ 214] pend=1770 subcategory   g/en-jp/flow-control-equipment-speed-controllers/special-environments/ new_urls=2
  ✓ [ 215] pend=1771 subcategory   en-jp/flow-control-equipment-speed-controllers/with-special-functions/ new_urls=2
  ✓ [ 216] pend=1772 subcategory   og/en-jp/flow-control-equipment-speed-controllers/tool-operation-type/ new_urls=2
  ✓ [ 217] pend=1773 subcategory   ment-speed-controllers/air-saving-speed-controllers-air-saving-valves/ new_urls=2
  ✓ [ 218] pend=1774 subcategory   g/en-jp/flow-control-equipment-speed-controllers/remote-control-valve/ new_urls=2
  ✓ [ 219] pend=1775 subcategory   alog/en-jp/flow-control-equipment-speed-controllers/related-equipment/ new_urls=2
  ✓ [ 220] pend=1776 subcategory   /en-jp/silencers-exhaust-cleaners-blow-guns-pressure-gauges/silencers/ new_urls=2
  ✓ [ 221] pend=1777 subcategory   silencers-exhaust-cleaners-blow-guns-pressure-gauges/exhaust-cleaners/ new_urls=2
  ✓ [ 222] pend=1778 subcategory   /silencers-exhaust-cleaners-blow-guns-pressure-gauges/pressure-gauges/ new_urls=2
  ✓ [ 223] pend=1780 subcategory   orld.com/webcatalog/en-jp/air-blowing-equipment/air-blowing-equipment/ new_urls=3
  ✓ [ 224] pend=1779 category      https://www.smcworld.com/webcatalog/en-jp/air-blowing-equipment        
  ✓ [ 225] pend=1781 subcategory   -controllers/electronic-pressure-switches-sensors-self-contained-type/ new_urls=3
  ✓ [ 226] pend=1780 category      https://www.smcworld.com/webcatalog/en-jp/switches-sensors-controllers 
  ✓ [ 227] pend=1781 subcategory   -sensors-controllers/electronic-pressure-switches-sensors-remote-type/ new_urls=2
  ✓ [ 228] pend=1782 subcategory   talog/en-jp/switches-sensors-controllers/mechanical-pressure-switches/ new_urls=2
  ✓ [ 229] pend=1783 subcategory   g/en-jp/switches-sensors-controllers/electronic-flow-switches-sensors/ new_urls=2
  ✓ [ 230] pend=1784 subcategory   bcatalog/en-jp/switches-sensors-controllers/clamp-on-type-flow-sensor/ new_urls=2
  ✓ [ 231] pend=1785 subcategory   ebcatalog/en-jp/switches-sensors-controllers/mechanical-flow-switches/ new_urls=2
  ✓ [ 232] pend=1786 subcategory   m/webcatalog/en-jp/switches-sensors-controllers/air-management-system/ new_urls=2
  ✓ [ 233] pend=1787 subcategory   ld.com/webcatalog/en-jp/switches-sensors-controllers/flow-controllers/ new_urls=2
  ✓ [ 234] pend=1788 subcategory   ches-sensors-controllers/electronic-temperature-and-humidity-switches/ new_urls=2
  ✓ [ 235] pend=1789 subcategory   og/en-jp/switches-sensors-controllers/auto-switches-for-air-cylinders/ new_urls=2
  ✓ [ 236] pend=1790 subcategory   nsors-controllers/auto-switches-for-rotary-actuators-and-air-grippers/ new_urls=2
  ✓ [ 237] pend=1791 subcategory   rld.com/webcatalog/en-jp/switches-sensors-controllers/position-sensor/ new_urls=2
  ✓ [ 238] pend=1792 subcategory   webcatalog/en-jp/static-neutralization-equipment-ionizers/ionizer-bar/ new_urls=2
  ✓ [ 239] pend=1793 subcategory   catalog/en-jp/static-neutralization-equipment-ionizers/ionizer-nozzle/ new_urls=2
  ✓ [ 240] pend=1794 subcategory   webcatalog/en-jp/static-neutralization-equipment-ionizers/ionizer-fan/ new_urls=2
  ✓ [ 241] pend=1795 subcategory   webcatalog/en-jp/static-neutralization-equipment-ionizers/ionizer-gun/ new_urls=2
  ✓ [ 242] pend=1796 subcategory   catalog/en-jp/static-neutralization-equipment-ionizers/ionizer-duster/ new_urls=2
  ✓ [ 243] pend=1797 subcategory   /en-jp/static-neutralization-equipment-ionizers/ionizer-electrostatic/ new_urls=2
  ✓ [ 244] pend=1798 subcategory   om/webcatalog/en-jp/static-neutralization-equipment-ionizers/ionizers/ new_urls=2
  ✓ [ 245] pend=1800 subcategory   og/en-jp/industrial-communication/wireless-system-profinet-compatible/ new_urls=3
  ✓ [ 246] pend=1799 category      https://www.smcworld.com/webcatalog/en-jp/industrial-communication     
  ✓ [ 247] pend=1800 subcategory   en-jp/industrial-communication/wireless-system-ethernet-ip-compatible/ new_urls=2
  ✓ [ 248] pend=1801 subcategory   og/en-jp/industrial-communication/wireless-system-ethercat-compatible/ new_urls=2
  ✓ [ 249] pend=1802 subcategory   log/en-jp/industrial-communication/wireless-system-io-link-compatible/ new_urls=2
  ✓ [ 250] pend=1803 subcategory   log/en-jp/industrial-communication/wireless-system-cc-link-compatible/ new_urls=2
  ✓ [ 251] pend=1804 subcategory   g/en-jp/industrial-communication/wireless-system-devicenet-compatible/ new_urls=2
  ✓ [ 252] pend=1805 subcategory   /en-jp/industrial-communication/wireless-system-modbus-tcp-compatible/ new_urls=2
  ✓ [ 253] pend=1806 subcategory   catalog/en-jp/industrial-communication/wireless-system-devicenet-slmp/ new_urls=2
  ✓ [ 254] pend=1807 subcategory   industrial-communication/industrial-communication-profinet-compatible/ new_urls=2
  ✓ [ 255] pend=1808 subcategory   ustrial-communication/industrial-communication-ethernet-ip-compatible/ new_urls=2
  ✓ [ 256] pend=1809 subcategory   industrial-communication/industrial-communication-ethercat-compatible/ new_urls=2
  ✓ [ 257] pend=1810 subcategory   ndustrial-communication/industrial-communication-profisafe-compatible/ new_urls=2
  ✓ [ 258] pend=1811 subcategory   og/en-jp/industrial-communication/industrial-communication-cip-safety/ new_urls=2
  ✓ [ 259] pend=1812 subcategory   ommunication/industrial-communication-safety-over-ethercat-compatible/ new_urls=2
  ✓ [ 260] pend=1813 subcategory   /industrial-communication/industrial-communication-io-link-compatible/ new_urls=2
  ✓ [ 261] pend=1814 subcategory   rial-communication/industrial-communication-cc-link-ie-tsn-compatible/ new_urls=2
  ✓ [ 262] pend=1815 subcategory   dustrial-communication/industrial-communication-cc-link-ie-compatible/ new_urls=2
  ✓ [ 263] pend=1816 subcategory   dustrial-communication/industrial-communication-modbus-tcp-compatible/ new_urls=2
  ✓ [ 264] pend=1817 subcategory   p/industrial-communication/industrial-communication-ethernet-powerink/ new_urls=2
  ✓ [ 265] pend=1818 subcategory   rial-communication/industrial-communication-mechatrolink-3-compatible/ new_urls=2
  ✓ [ 266] pend=1819 subcategory   /industrial-communication/industrial-communication-sscnet3-compatible/ new_urls=2
  ✓ [ 267] pend=1820 subcategory   industrial-communication/industrial-communication-profibus-compatible/ new_urls=2
  ✓ [ 268] pend=1821 subcategory   ndustrial-communication/industrial-communication-devicenet-compatible/ new_urls=2
  ✓ [ 269] pend=1822 subcategory   /industrial-communication/industrial-communication-cc-link-compatible/ new_urls=2
  ✓ [ 270] pend=1823 subcategory   strial-communication/industrial-communication-as-interface-compatible/ new_urls=2
  ✓ [ 271] pend=1824 subcategory   industrial-communication/industrial-communication-componet-compatible/ new_urls=2
  ✓ [ 272] pend=1825 subcategory   industrial-communication/industrial-communication-interbus-compatible/ new_urls=2
  ✓ [ 273] pend=1826 subcategory   rial-communication/industrial-communication-mechatrolink-2-compatible/ new_urls=2
  ✓ [ 274] pend=1827 subcategory   p/industrial-communication/industrial-communication-rs232c-compatible/ new_urls=2
  ✓ [ 275] pend=1828 subcategory   jp/industrial-communication/industrial-communication-rs485-compatible/ new_urls=2
  ✓ [ 276] pend=1829 subcategory   log/en-jp/process-valves/2-3-port-solenoid-valves-air-operated-valves/ new_urls=2
  ✓ [ 277] pend=1830 subcategory   .com/webcatalog/en-jp/process-valves/compact-2-3-port-solenoid-valves/ new_urls=2
  ✓ [ 278] pend=1831 subcategory   cworld.com/webcatalog/en-jp/process-valves/proportional-control-valve/ new_urls=2
  ✓ [ 279] pend=1832 subcategory   .com/webcatalog/en-jp/process-valves/5.0-mpa-2-3-port-solenoid-valves/ new_urls=2
  ✓ [ 280] pend=1833 subcategory   n-jp/process-valves/2-3-port-valves-for-general-purpose-fluid-control/ new_urls=2
  ✓ [ 281] pend=1834 subcategory   tps://www.smcworld.com/webcatalog/en-jp/process-valves/coolant-valves/ new_urls=2
  ✓ [ 282] pend=1835 subcategory   atalog/en-jp/process-valves/valves-for-water-and-chemical-base-fluids/ new_urls=2
  ✓ [ 283] pend=1837 subcategory   al-liquid-valves-fittings-needle-valves-tubing/chemical-liquid-valves/ new_urls=3
  ✓ [ 284] pend=1836 category      /webcatalog/en-jp/chemical-liquid-valves-fittings-needle-valves-tubing 
  ✓ [ 285] pend=1837 subcategory   al-liquid-valves-fittings-needle-valves-tubing/fittings-needle-valves/ new_urls=2
  ✓ [ 286] pend=1838 subcategory   ical-liquid-valves-fittings-needle-valves-tubing/fluoropolymer-tubing/ new_urls=2
  ✓ [ 287] pend=1840 subcategory   log/en-jp/process-pumps-diaphragm-pumps/process-pumps-diaphragm-pumps/ new_urls=3
  ✓ [ 288] pend=1839 category      ttps://www.smcworld.com/webcatalog/en-jp/process-pumps-diaphragm-pumps 
  ✓ [ 289] pend=1840 subcategory   m/webcatalog/en-jp/process-pumps-diaphragm-pumps/liquid-dispense-pump/ new_urls=2
  ✓ [ 290] pend=1842 subcategory   emperature-control-equipment/thermo-chillers-standard-type-basic-type/ new_urls=3
  ✓ [ 291] pend=1841 category      ttps://www.smcworld.com/webcatalog/en-jp/temperature-control-equipment 
  ✓ [ 292] pend=1842 subcategory   log/en-jp/temperature-control-equipment/thermo-chillers-inverter-type/ new_urls=2
  ✓ [ 293] pend=1843 subcategory   temperature-control-equipment/thermo-chillers-dual-channel-for-lasers/ new_urls=2
  ✓ [ 294] pend=1844 subcategory   g/en-jp/temperature-control-equipment/thermo-chillers-rack-mount-type/ new_urls=2
  ✓ [ 295] pend=1845 subcategory   /thermo-chillers-high-performance-type-high-performance-inverter-type/ new_urls=2
  ✓ [ 296] pend=1846 subcategory   log/en-jp/temperature-control-equipment/chiller-compliant-regulations/ new_urls=2
  ✓ [ 297] pend=1847 subcategory   /en-jp/temperature-control-equipment/thermo-cons-thermoelectric-baths/ new_urls=2
  ✓ [ 298] pend=1848 subcategory   talog/en-jp/temperature-control-equipment/air-temperature-controllers/ new_urls=2
  ✓ [ 299] pend=1850 subcategory   orld.com/webcatalog/en-jp/process-gas-equipment/process-gas-equipment/ new_urls=3
  ✓ [ 300] pend=1849 category      https://www.smcworld.com/webcatalog/en-jp/process-gas-equipment        
  ✓ [ 301] pend=1851 subcategory   mcworld.com/webcatalog/en-jp/high-vacuum-equipment/high-vacuum-valves/ new_urls=3
  ✓ [ 302] pend=1850 category      https://www.smcworld.com/webcatalog/en-jp/high-vacuum-equipment        
  ✓ [ 303] pend=1851 subcategory   https://www.smcworld.com/webcatalog/en-jp/high-vacuum-equipment/other/ new_urls=2
  ✓ [ 304] pend=1852 subcategory   //www.smcworld.com/webcatalog/en-jp/high-vacuum-equipment/slit-valves/ new_urls=2
  ✓ [ 305] pend=1853 subcategory   m/webcatalog/en-jp/high-vacuum-equipment/rodless-cylinders-for-vacuum/ new_urls=2
  ✓ [ 306] pend=1855 subcategory   g/en-jp/industrial-filters-sintered-metal-elements/industrial-filters/ new_urls=3
  ✓ [ 307] pend=1854 category      cworld.com/webcatalog/en-jp/industrial-filters-sintered-metal-elements 
  ✓ [ 308] pend=1855 subcategory   jp/industrial-filters-sintered-metal-elements/sintered-metal-elements/ new_urls=2
  ✓ [ 309] pend=1857 subcategory   .com/webcatalog/en-jp/pneumatic-instrumentation-equipment/positioners/ new_urls=3
  ✓ [ 310] pend=1856 category      /www.smcworld.com/webcatalog/en-jp/pneumatic-instrumentation-equipment 
  ✓ [ 311] pend=1857 subcategory   d.com/webcatalog/en-jp/pneumatic-instrumentation-equipment/regulators/ new_urls=2
  ✓ [ 312] pend=1858 subcategory   om/webcatalog/en-jp/pneumatic-instrumentation-equipment/relays-valves/ new_urls=2
  ✓ [ 313] pend=1859 subcategory   -jp/pneumatic-instrumentation-equipment/electro-pneumatic-transducers/ new_urls=2
  ✓ [ 314] pend=1860 subcategory   ld.com/webcatalog/en-jp/pneumatic-instrumentation-equipment/actuators/ new_urls=2
  ✓ [ 315] pend=1861 subcategory   /en-jp/pneumatic-instrumentation-equipment/detection-conversion-units/ new_urls=2
  ✓ [ 316] pend=1862 subcategory   /webcatalog/en-jp/pneumatic-instrumentation-equipment/solenoid-valves/ new_urls=2
  ✓ [ 317] pend=1863 subcategory   webcatalog/en-jp/pneumatic-instrumentation-equipment/piping-materials/ new_urls=2
  ✓ [ 318] pend=1865 subcategory   smcworld.com/webcatalog/en-jp/hydraulic-equipment/hydraulic-cylinders/ new_urls=3
  ✓ [ 319] pend=1864 category      https://www.smcworld.com/webcatalog/en-jp/hydraulic-equipment          
  ✓ [ 320] pend=1865 subcategory   smcworld.com/webcatalog/en-jp/hydraulic-equipment/hydraulic-equipment/ new_urls=2
  ✓ [ 321] pend=1867 subcategory   en-jp/clean-series-low-particle-generation/directional-control-valves/ new_urls=3
  ✓ [ 322] pend=1866 category      www.smcworld.com/webcatalog/en-jp/clean-series-low-particle-generation 
  ✓ [ 323] pend=1867 subcategory   m/webcatalog/en-jp/clean-series-low-particle-generation/air-cylinders/ new_urls=2
  ✓ [ 324] pend=1868 subcategory   ebcatalog/en-jp/clean-series-low-particle-generation/rotary-actuators/ new_urls=2
  ✓ [ 325] pend=1869 subcategory   om/webcatalog/en-jp/clean-series-low-particle-generation/air-grippers/ new_urls=2
  ✓ [ 326] pend=1870 subcategory   .com/webcatalog/en-jp/clean-series-low-particle-generation/air-dryers/ new_urls=2
  ✓ [ 327] pend=1871 subcategory   -series-low-particle-generation/compressed-air-cleaning-filter-Series/ new_urls=2
  ✓ [ 328] pend=1872 subcategory   jp/clean-series-low-particle-generation/clean-gas-filters-air-filters/ new_urls=2
  ✓ [ 329] pend=1873 subcategory   rticle-generation/exhaust-cleaner-for-clean-room-clean-exhaust-filter/ new_urls=2
  ✓ [ 330] pend=1874 subcategory   -low-particle-generation/modular-frl-units-pressure-control-equipment/ new_urls=2
  ✓ [ 331] pend=1875 subcategory   ld.com/webcatalog/en-jp/clean-series-low-particle-generation/fittings/ new_urls=2
  ✓ [ 332] pend=1876 subcategory   orld.com/webcatalog/en-jp/clean-series-low-particle-generation/tubing/ new_urls=2
  ✓ [ 333] pend=1877 subcategory   ries-low-particle-generation/flow-control-equipment-speed-controllers/ new_urls=2
  ✓ [ 334] pend=1878 subcategory   ebcatalog/en-jp/clean-series-low-particle-generation/switches-sensors/ new_urls=2
  ✓ [ 335] pend=1879 subcategory   m/webcatalog/en-jp/clean-series-low-particle-generation/flow-switches/ new_urls=2
  ✓ [ 336] pend=1880 subcategory   catalog/en-jp/clean-series-low-particle-generation/electric-actuators/ new_urls=2
  ✓ [ 337] pend=1882 subcategory   oropolymer-equipment-pvc-equipment/high-purity-chemical-liquid-valves/ new_urls=3
  ✓ [ 338] pend=1881 category      ww.smcworld.com/webcatalog/en-jp/fluoropolymer-equipment-pvc-equipment 
  ✓ [ 339] pend=1882 subcategory   jp/fluoropolymer-equipment-pvc-equipment/fittings-needle-valve-tubing/ new_urls=2
  ✓ [ 340] pend=1883 subcategory   og/en-jp/fluoropolymer-equipment-pvc-equipment/fluororesin-regulators/ new_urls=2
  ✓ [ 341] pend=1884 subcategory   -jp/fluoropolymer-equipment-pvc-equipment/fluoropolymer-flow-switches/ new_urls=2
  ✓ [ 342] pend=1885 subcategory   -jp/fluoropolymer-equipment-pvc-equipment/fluoropolymer-process-pumps/ new_urls=2
  ✓ [ 343] pend=1886 subcategory   com/webcatalog/en-jp/fluoropolymer-equipment-pvc-equipment/pvc-valves/ new_urls=2
  ✓ [ 344] pend=1887 subcategory   catalog/en-jp/fluoropolymer-equipment-pvc-equipment/pvc-flow-switches/ new_urls=2
  ✓ [ 345] pend=1889 subcategory   n-jp/copper-fluorine-free-equipment-series-20/copper-fluorine-free-20/ new_urls=3
  ✓ [ 346] pend=1888 category      smcworld.com/webcatalog/en-jp/copper-fluorine-free-equipment-series-20 
  ✓ [ 347] pend=1890 subcategory   -compatible-with-secondary-batteries-series-25a/air-management-system/ new_urls=3
  ✓ [ 348] pend=1889 category      webcatalog/en-jp/series-compatible-with-secondary-batteries-series-25a 
  ✓ [ 349] pend=1890 subcategory   atible-with-secondary-batteries-series-25a/directional-control-valves/ new_urls=2
  ✓ [ 350] pend=1891 subcategory   series-compatible-with-secondary-batteries-series-25a/wireless-system/ new_urls=2
  ✓ [ 351] pend=1892 subcategory   en-jp/series-compatible-with-secondary-batteries-series-25a/actuators/ new_urls=2
  ✓ [ 352] pend=1893 subcategory   eries-compatible-with-secondary-batteries-series-25a/related-products/ new_urls=2
  ✓ [ 353] pend=1894 subcategory   ble-with-secondary-batteries-series-25a/rotary-actuators-air-grippers/ new_urls=2
  ✓ [ 354] pend=1895 subcategory   eries-compatible-with-secondary-batteries-series-25a/vacuum-equipment/ new_urls=2
  ✓ [ 355] pend=1896 subcategory   dary-batteries-series-25a/air-preparation-equipment-clean-air-filters/ new_urls=2
  ✓ [ 356] pend=1897 subcategory   ary-batteries-series-25a/modular-frl-units-pressure-control-equipment/ new_urls=2
  ✓ [ 357] pend=1898 subcategory   e-with-secondary-batteries-series-25a/flow-control-equipment-fittings/ new_urls=2
  ✓ [ 358] pend=1899 subcategory   g/en-jp/series-compatible-with-secondary-batteries-series-25a/tubings/ new_urls=2
  ✓ [ 359] pend=1900 subcategory   -with-secondary-batteries-series-25a/detection-switches-auto-switches/ new_urls=2
  ✓ [ 360] pend=1901 subcategory   condary-batteries-series-25a/static-neutralization-equipment-ionizers/ new_urls=2
  ✓ [ 361] pend=1902 subcategory   /series-compatible-with-secondary-batteries-series-25a/process-valves/ new_urls=2
  ✓ [ 362] pend=1903 subcategory   -compatible-with-secondary-batteries-series-25a/process-gas-equipment/ new_urls=2
  ✓ [ 363] pend=1904 subcategory   ies-compatible-with-secondary-batteries-series-25a/electric-actuators/ new_urls=2
  ✓ [ 364] pend=1906 subcategory   ttps://www.smcworld.com/webcatalog/en-jp/iso-products/solenoid-valves/ new_urls=3
  ✓ [ 365] pend=1905 category      https://www.smcworld.com/webcatalog/en-jp/iso-products                 
  ✓ [ 366] pend=1906 subcategory   https://www.smcworld.com/webcatalog/en-jp/iso-products/air-cylinders/  new_urls=2
  ✓ [ 367] pend=1908 subcategory   welding-process-equipment/spatter-resistant-cylinders-for-arc-welding/ new_urls=3
  ✓ [ 368] pend=1907 category      ttps://www.smcworld.com/webcatalog/en-jp/arc-welding-process-equipment 
  ✓ [ 369] pend=1908 subcategory   om/webcatalog/en-jp/arc-welding-process-equipment/specialty-cylinders/ new_urls=2
  ✓ [ 370] pend=1909 subcategory   ebcatalog/en-jp/arc-welding-process-equipment/gas-air-switching-valve/ new_urls=2
  ✓ [ 371] pend=1910 subcategory   com/webcatalog/en-jp/arc-welding-process-equipment/detection-switches/ new_urls=2
  ✓ [ 372] pend=1911 subcategory   /arc-welding-process-equipment/tubing-fittings-flow-control-equipment/ new_urls=2
  ✓ [ 373] pend=1913 subcategory   world.com/webcatalog/en-jp/io-link-compatible-products/io-link-master/ new_urls=3
  ✓ [ 374] pend=1912 category      https://www.smcworld.com/webcatalog/en-jp/io-link-compatible-products  
  ✓ [ 375] pend=1913 subcategory   om/webcatalog/en-jp/io-link-compatible-products/air-management-system/ new_urls=2
  ✓ [ 376] pend=1914 subcategory   ld.com/webcatalog/en-jp/io-link-compatible-products/pressure-switches/ new_urls=2
  ✓ [ 377] pend=1915 subcategory   om/webcatalog/en-jp/io-link-compatible-products/digital-flow-switches/ new_urls=2
  ✓ [ 378] pend=1916 subcategory   orld.com/webcatalog/en-jp/io-link-compatible-products/flow-controller/ new_urls=2
  ✓ [ 379] pend=1917 subcategory   rld.com/webcatalog/en-jp/io-link-compatible-products/position-sensors/ new_urls=2
  ✓ [ 380] pend=1918 subcategory   cworld.com/webcatalog/en-jp/io-link-compatible-products/auto-switches/ new_urls=2
  ✓ [ 381] pend=1919 subcategory   www.smcworld.com/webcatalog/en-jp/io-link-compatible-products/si-unit/ new_urls=2
  ✓ [ 382] pend=1920 subcategory   world.com/webcatalog/en-jp/io-link-compatible-products/manifold-valve/ new_urls=2
  ✓ [ 383] pend=1921 subcategory   orld.com/webcatalog/en-jp/io-link-compatible-products/vacuum-manifold/ new_urls=2
  ✓ [ 384] pend=1922 subcategory   atalog/en-jp/io-link-compatible-products/electro-pneumatic-regulators/ new_urls=2
  ✓ [ 385] pend=1923 subcategory   ww.smcworld.com/webcatalog/en-jp/io-link-compatible-products/Ionizers/ new_urls=2
  ✓ [ 386] pend=1924 subcategory   .smcworld.com/webcatalog/en-jp/io-link-compatible-products/e-actuator/ new_urls=2
  ✓ [ 387] pend=1925 subcategory   m/webcatalog/en-jp/io-link-compatible-products/step-motor-controllers/ new_urls=2
  ✓ [ 388] pend=1926 subcategory   om/webcatalog/en-jp/io-link-compatible-products/vacuum-gripper-system/ new_urls=2
  ✓ [ 389] pend=1927 subcategory   cworld.com/webcatalog/en-jp/io-link-compatible-products/terminal-unit/ new_urls=2
  ✓ [ 390] pend=1929 subcategory   catalog/en-jp/nitrogen-n2-ompatible-equipment/air-preparation-filters/ new_urls=3
  ✓ [ 391] pend=1928 category      ps://www.smcworld.com/webcatalog/en-jp/nitrogen-n2-ompatible-equipment 
  ✓ [ 392] pend=1929 subcategory   alog/en-jp/nitrogen-n2-ompatible-equipment/pressure-control-equipment/ new_urls=2
  ✓ [ 393] pend=1930 subcategory   .com/webcatalog/en-jp/nitrogen-n2-ompatible-equipment/pressure-gauges/ new_urls=2
  ✓ [ 394] pend=1931 subcategory   mcworld.com/webcatalog/en-jp/nitrogen-n2-ompatible-equipment/fittings/ new_urls=2
  ✓ [ 395] pend=1932 subcategory   smcworld.com/webcatalog/en-jp/nitrogen-n2-ompatible-equipment/tubings/ new_urls=2
  ✓ [ 396] pend=1933 subcategory   .com/webcatalog/en-jp/nitrogen-n2-ompatible-equipment/throttle-valves/ new_urls=2
  ✓ [ 397] pend=1934 subcategory   om/webcatalog/en-jp/nitrogen-n2-ompatible-equipment/pressure-switches/ new_urls=2
  ✓ [ 398] pend=1935 subcategory   ld.com/webcatalog/en-jp/nitrogen-n2-ompatible-equipment/flow-switches/ new_urls=2
  ✓ [ 399] pend=1936 subcategory   trogen-n2-ompatible-equipment/process-valves-2-3-port-solenoid-valves/ new_urls=2
  ✓ [ 400] pend=1937 subcategory   bcatalog/en-jp/nitrogen-n2-ompatible-equipment/chemical-liquid-valves/ new_urls=2
  ✓ [ 401] pend=1938 subcategory   m/webcatalog/en-jp/nitrogen-n2-ompatible-equipment/high-vacuum-valves/ new_urls=2
  ✓ [ 402] pend=1939 subcategory   ebcatalog/en-jp/nitrogen-n2-ompatible-equipment/process-gas-equipment/ new_urls=2
  ✓ [ 403] pend=1940 subcategory   catalog/en-jp/nitrogen-n2-ompatible-equipment/sintered-metal-elements/ new_urls=2
  ✓ [ 404] pend=1942 subcategory   mcworld.com/webcatalog/en-jp/atex/directional-control-valves-fieldbus/ new_urls=3
  ✓ [ 405] pend=1941 category      https://www.smcworld.com/webcatalog/en-jp/atex                         
  ✓ [ 406] pend=1942 subcategory   https://www.smcworld.com/webcatalog/en-jp/atex/actuators/              new_urls=2
  ✓ [ 407] pend=1943 subcategory   https://www.smcworld.com/webcatalog/en-jp/atex/auto-switches/          new_urls=2
  ✓ [ 408] pend=1944 subcategory   https://www.smcworld.com/webcatalog/en-jp/atex/rotary-actuators/       new_urls=2
  ✓ [ 409] pend=1945 subcategory   https://www.smcworld.com/webcatalog/en-jp/atex/booster-regulators/     new_urls=2
  ✓ [ 410] pend=1946 subcategory   https://www.smcworld.com/webcatalog/en-jp/atex/pressure-switches/      new_urls=2
  ✓ [ 411] pend=1947 subcategory   https://www.smcworld.com/webcatalog/en-jp/atex/process-valves/         new_urls=2
  ✓ [ 412] pend=1948 subcategory   mcworld.com/webcatalog/en-jp/atex/pneumatic-instrumentation-equipment/ new_urls=2
  ✓ [ 413] pend=1950 subcategory   ipment-for-the-food-manufacturing-industry/directional-control-valves/ new_urls=3
  ✓ [ 414] pend=1949 category      rld.com/webcatalog/en-jp/equipment-for-the-food-manufacturing-industry 
  ✓ [ 415] pend=1950 subcategory   log/en-jp/equipment-for-the-food-manufacturing-industry/air-cylinders/ new_urls=2
  ✓ [ 416] pend=1951 subcategory   /en-jp/equipment-for-the-food-manufacturing-industry/vacuum-equipment/ new_urls=2
  ✓ [ 417] pend=1952 subcategory   n-jp/equipment-for-the-food-manufacturing-industry/electric-actuators/ new_urls=2
  ✓ [ 418] pend=1953 subcategory   cturing-industry/air-preparation-equipment-pressure-control-equipment/ new_urls=2
  ✓ [ 419] pend=1954 subcategory   -jp/equipment-for-the-food-manufacturing-industry/fittings-and-tubing/ new_urls=2
  ✓ [ 420] pend=1955 subcategory   -food-manufacturing-industry/flow-control-equipment-speed-controllers/ new_urls=2
  ✓ [ 421] pend=1956 subcategory   r-the-food-manufacturing-industry/nozzles-for-blowing-pressure-gauges/ new_urls=2
  ✓ [ 422] pend=1957 subcategory   /en-jp/equipment-for-the-food-manufacturing-industry/switches-sensors/ new_urls=2
  ✓ [ 423] pend=1958 subcategory   og/en-jp/equipment-for-the-food-manufacturing-industry/process-valves/ new_urls=2
  ✓ [ 424] pend=1960 subcategory   catalog/en-jp/equipment-for-the-semiconductor-industries/exhaust-line/ new_urls=3
  ✓ [ 425] pend=1959 category      cworld.com/webcatalog/en-jp/equipment-for-the-semiconductor-industries 
  ✓ [ 426] pend=1960 subcategory   -jp/equipment-for-the-semiconductor-industries/n2-gas-air-supply-line/ new_urls=2
  ✓ [ 427] pend=1961 subcategory   /en-jp/equipment-for-the-semiconductor-industries/slit-valve-transfer/ new_urls=2
  ✓ [ 428] pend=1962 subcategory   quipment-for-the-semiconductor-industries/temperature-adjustment-line/ new_urls=2
  ✓ [ 429] pend=1963 subcategory   g/en-jp/equipment-for-the-semiconductor-industries/cooling-water-line/ new_urls=2
  ✓ [ 430] pend=1964 subcategory   pment-for-the-semiconductor-industries/cooling-water-piping-equipment/ new_urls=2
  ✓ [ 431] pend=1966 subcategory   -temperature-adjustment-line/thermo-chillers-standard-type-basic-type/ new_urls=3
  ✓ [ 432] pend=1965 category      equipment-for-the-semiconductor-industries-temperature-adjustment-line 
  ✓ [ 433] pend=1966 subcategory   -industries-temperature-adjustment-line/thermo-chillers-inverter-type/ new_urls=2
  ✓ [ 434] pend=1967 subcategory   ndustries-temperature-adjustment-line/thermo-chillers-rack-mount-type/ new_urls=2
  ✓ [ 435] pend=1968 subcategory   /thermo-chillers-high-performance-type-high-performance-inverter-type/ new_urls=2
  ✓ [ 436] pend=1969 subcategory   -industries-temperature-adjustment-line/chiller-compliant-regulations/ new_urls=2
  ✓ [ 437] pend=1970 subcategory   dustries-temperature-adjustment-line/thermo-cons-thermoelectric-baths/ new_urls=2
  ✓ [ 438] pend=1971 subcategory   /industrial-communication/wireless-system-cc-link-compatible-products/ new_urls=2
  ✓ [ 439] pend=1973 subcategory   atalog/en-jp/explosion-proof-valves-ex-ccc/directional-control-valves/ new_urls=3
  ✓ [ 440] pend=1972 category      ttps://www.smcworld.com/webcatalog/en-jp/explosion-proof-valves-ex-ccc 
  ✓ [ 441] pend=1973 subcategory   orld.com/webcatalog/en-jp/explosion-proof-valves-ex-ccc/auto-switches/ new_urls=2
  ✓ [ 442] pend=1974 subcategory   -jp/explosion-proof-valves-ex-ccc/pneumatic-instrumentation-equipment/ new_urls=2
  ✗ subcategory   https://www.smcworld.com/webcatalog/en-jp/pressure-control-equipment/booster-regulators/
  ✗ subcategory   https://www.smcworld.com/webcatalog/en-jp/explosion-proof-valves-ex-ccc/ex-ccc-direction
  ✗ subcategory   https://www.smcworld.com/webcatalog/en-jp/explosion-proof-valves-ex-ccc/ex-ccc-auto-swit
  ✗ subcategory   https://www.smcworld.com/webcatalog/en-jp/explosion-proof-valves-ex-ccc/ex-ccc-pneumatic
  ✗ subcategory   https://www.smcworld.com/webcatalog/en-jp/leak-detector/leak-detector/
  ✓ [ 443] pend=1968 series        /webcatalog/en-jp/air-management-system/air-management-system/AMS_AB-E new_urls=1
  ✓ [ 444] pend=1967 series        webcatalog/en-jp/air-management-system/air-management-system/AMS-X20-E new_urls=1
  ✓ [ 445] pend=1966 series        ctional-control-valves/pilot-operated-4-5-port-solenoid-valves/JSY-P-E new_urls=1
  ✓ [ 446] pend=1965 series        ional-control-valves/pilot-operated-4-5-port-solenoid-valves/JSY3000-E new_urls=1
  ✓ [ 447] pend=1964 series        nal-control-valves/pilot-operated-4-5-port-solenoid-valves/JSY3000-P-E new_urls=1
  ✓ [ 448] pend=1963 series        nal-control-valves/pilot-operated-4-5-port-solenoid-valves/JSY3000-L-E new_urls=1
  ✓ [ 449] pend=1962 series        ional-control-valves/pilot-operated-4-5-port-solenoid-valves/JSY-SUS-E new_urls=1
  ✓ [ 450] pend=1961 series        onal-control-valves/pilot-operated-4-5-port-solenoid-valves/JSY1000E-E new_urls=1
  ✓ [ 451] pend=1960 series        tional-control-valves/pilot-operated-4-5-port-solenoid-valves/JSY-NP-E new_urls=1
  ✓ [ 452] pend=1959 series        nal-control-valves/pilot-operated-4-5-port-solenoid-valves/JSY-NP-BP-E new_urls=1
  ✓ [ 453] pend=1958 series        nal-control-valves/pilot-operated-4-5-port-solenoid-valves/JSY5000-H-E new_urls=1
  ✓ [ 454] pend=1957 series        irectional-control-valves/pilot-operated-4-5-port-solenoid-valves/SJ-E new_urls=1
  ✓ [ 455] pend=1956 series        ional-control-valves/pilot-operated-4-5-port-solenoid-valves/SJ3A6-S-E new_urls=1
  ✓ [ 456] pend=1955 series        irectional-control-valves/pilot-operated-4-5-port-solenoid-valves/SY-E new_urls=2
  ✓ [ 457] pend=1954 series        nal-control-valves/pilot-operated-4-5-port-solenoid-valves/SY3A-SY5A-E 
  ✓ [ 458] pend=1953 series        ectional-control-valves/pilot-operated-4-5-port-solenoid-valves/SY-5-E new_urls=1
  ✓ [ 459] pend=1952 series        ional-control-valves/pilot-operated-4-5-port-solenoid-valves/SY-X701-E new_urls=1
  ✓ [ 460] pend=1951 series        ctional-control-valves/pilot-operated-4-5-port-solenoid-valves/S0700-E new_urls=1
  ✓ [ 461] pend=1950 series        ional-control-valves/pilot-operated-4-5-port-solenoid-valves/S0700-P-E new_urls=1
  ✓ [ 462] pend=1949 series        irectional-control-valves/pilot-operated-4-5-port-solenoid-valves/SV-E new_urls=1
  ✓ [ 463] pend=1948 series        rectional-control-valves/pilot-operated-4-5-port-solenoid-valves/SYJ-E new_urls=1
  ✓ [ 464] pend=1947 series        irectional-control-valves/pilot-operated-4-5-port-solenoid-valves/SZ-E new_urls=1
  ✓ [ 465] pend=1946 series        irectional-control-valves/pilot-operated-4-5-port-solenoid-valves/VF-E new_urls=1
  ✓ [ 466] pend=1945 series        irectional-control-valves/pilot-operated-4-5-port-solenoid-valves/VP-E new_urls=1
  ✓ [ 467] pend=1944 series        irectional-control-valves/pilot-operated-4-5-port-solenoid-valves/VQ-E new_urls=1
  ✓ [ 468] pend=1943 series        l-control-valves/pilot-operated-4-5-port-solenoid-valves/VQ4000-5000-E new_urls=1
  ✓ [ 469] pend=1942 series        rectional-control-valves/pilot-operated-4-5-port-solenoid-valves/VQC-E new_urls=1
  ✓ [ 470] pend=1941 series        -control-valves/pilot-operated-4-5-port-solenoid-valves/VQC4000-5000-E new_urls=1
  ✓ [ 471] pend=1940 series        rectional-control-valves/pilot-operated-4-5-port-solenoid-valves/VQZ-E new_urls=1
  ✓ [ 472] pend=1939 series        irectional-control-valves/pilot-operated-4-5-port-solenoid-valves/SQ-E new_urls=1
  ✓ [ 473] pend=1938 series        rectional-control-valves/pilot-operated-4-5-port-solenoid-valves/VFS-E new_urls=1
  ✓ [ 474] pend=1937 series        rectional-control-valves/pilot-operated-4-5-port-solenoid-valves/VFR-E new_urls=1
  ✓ [ 475] pend=1936 series        rectional-control-valves/pilot-operated-4-5-port-solenoid-valves/DXT-E new_urls=1
  ✓ [ 476] pend=1935 series        ctional-control-valves/pilot-operated-4-5-port-solenoid-valves/VQ-VV-E new_urls=1
  ✓ [ 477] pend=1934 series        rectional-control-valves/pilot-operated-4-5-port-solenoid-valves/SGA-E 
  ✓ [ 478] pend=1933 series        rectional-control-valves/pilot-operated-3-port-solenoid-valves/SYJ-3-E new_urls=1
  ✓ [ 479] pend=1932 series        rectional-control-valves/pilot-operated-3-port-solenoid-valves/VQZ-3-E new_urls=1
  ✓ [ 480] pend=1931 series        irectional-control-valves/pilot-operated-3-port-solenoid-valves/VP-3-E new_urls=1
  ✓ [ 481] pend=1930 series        /directional-control-valves/pilot-operated-3-port-solenoid-valves/VG-E new_urls=1
  ✓ [ 482] pend=1929 series        rectional-control-valves/pilot-operated-3-port-solenoid-valves/VP-O3-E new_urls=1
  ✓ [ 483] pend=1928 series        rectional-control-valves/pilot-operated-3-port-solenoid-valves/VP-VG-E new_urls=1
  ✓ [ 484] pend=1927 series        onal-control-valves/direct-operated-3-4-5-port-solenoid-valves/VV061-E new_urls=1
  ✓ [ 485] pend=1926 series        onal-control-valves/direct-operated-3-4-5-port-solenoid-valves/VV100-E new_urls=1
  ✓ [ 486] pend=1925 series        ional-control-valves/direct-operated-3-4-5-port-solenoid-valves/V100-E new_urls=1
  ✓ [ 487] pend=1924 series        ional-control-valves/direct-operated-3-4-5-port-solenoid-valves/S070-E new_urls=1
  ✓ [ 488] pend=1923 series        ional-control-valves/direct-operated-3-4-5-port-solenoid-valves/VQ-3-E new_urls=1
  ✓ [ 489] pend=1922 series        tional-control-valves/direct-operated-3-4-5-port-solenoid-valves/VQD-E new_urls=1
  ✓ [ 490] pend=1921 series        ontrol-valves/direct-operated-3-4-5-port-solenoid-valves/VQD1000-V-S-E new_urls=1
  ✓ [ 491] pend=1920 series        ctional-control-valves/direct-operated-3-4-5-port-solenoid-valves/VK-E new_urls=1
  ✓ [ 492] pend=1919 series        ional-control-valves/direct-operated-3-4-5-port-solenoid-valves/VK-5-E new_urls=1
  ✓ [ 493] pend=1918 series        onal-control-valves/direct-operated-3-4-5-port-solenoid-valves/VT307-E new_urls=1
  ✓ [ 494] pend=1917 series        ctional-control-valves/direct-operated-3-4-5-port-solenoid-valves/VT-E new_urls=1
  ✓ [ 495] pend=1916 series        ional-control-valves/direct-operated-3-4-5-port-solenoid-valves/VT-3-E new_urls=1
  ✓ [ 496] pend=1915 series        ctional-control-valves/direct-operated-3-4-5-port-solenoid-valves/VS-E new_urls=1
  ✓ [ 497] pend=1914 series        ional-control-valves/direct-operated-3-4-5-port-solenoid-valves/VS-3-E new_urls=1
  ✓ [ 498] pend=1913 series        n-jp/directional-control-valves/reduced-wiring-fieldbus-system/EX600-E new_urls=5
  ✓ [ 499] pend=1912 series        /directional-control-valves/reduced-wiring-fieldbus-system/EX600-FVC-E new_urls=1
  ✓ [ 500] pend=1911 series        -jp/directional-control-valves/reduced-wiring-fieldbus-system/EX260-EN new_urls=2
  ✓ [ 501] pend=1910 series        jp/directional-control-valves/reduced-wiring-fieldbus-system/EX245-A-E new_urls=2
  ✓ [ 502] pend=1909 series        en-jp/directional-control-valves/reduced-wiring-fieldbus-system/EX-S-E new_urls=1
  ✓ [ 503] pend=1908 series        n-jp/directional-control-valves/reduced-wiring-fieldbus-system/EX500-E new_urls=1
  ✓ [ 504] pend=1907 series        n-jp/directional-control-valves/reduced-wiring-fieldbus-system/EX510-E new_urls=1
  ✓ [ 505] pend=1906 series        g/en-jp/directional-control-valves/reduced-wiring-fieldbus-system/EX-E new_urls=1
  ✓ [ 506] pend=1905 series        ectional-control-valves/reduced-wiring-fieldbus-system/PCA-EX9-EX500-E new_urls=1
  ✓ [ 507] pend=1904 series        jp/directional-control-valves/reduced-wiring-fieldbus-system/EX600-W-E new_urls=2
  ✓ [ 508] pend=1903 series        p/directional-control-valves/reduced-wiring-fieldbus-system/EXW1-X10-E new_urls=1
  ✓ [ 509] pend=1902 series        p/directional-control-valves/reduced-wiring-fieldbus-system/EX600-W2-E new_urls=1
  ✓ [ 510] pend=1901 series        om/webcatalog/en-jp/directional-control-valves/wireless-system/IN574-E new_urls=1
  ✓ [ 511] pend=1900 series        /webcatalog/en-jp/directional-control-valves/air-operated-valves/SYA-E new_urls=1
  ✓ [ 512] pend=1899 series        webcatalog/en-jp/directional-control-valves/air-operated-valves/SYJA-E new_urls=1
  ✓ [ 513] pend=1898 series        /webcatalog/en-jp/directional-control-valves/air-operated-valves/VZA-E new_urls=1
  ✓ [ 514] pend=1897 series        /webcatalog/en-jp/directional-control-valves/air-operated-valves/VFA-E new_urls=1
  ✓ [ 515] pend=1896 series        webcatalog/en-jp/directional-control-valves/air-operated-valves/VFRA-E new_urls=1
  ✓ [ 516] pend=1895 series        /webcatalog/en-jp/directional-control-valves/air-operated-valves/VPA-E new_urls=1
  ✓ [ 517] pend=1894 series        /webcatalog/en-jp/directional-control-valves/air-operated-valves/VSA-E new_urls=1
  ✓ [ 518] pend=1893 series        bcatalog/en-jp/directional-control-valves/air-operated-valves/SYJA-A-E new_urls=1
  ✓ [ 519] pend=1892 series        ebcatalog/en-jp/directional-control-valves/air-operated-valves/VZA-A-E new_urls=1
  ✓ [ 520] pend=1891 series        ebcatalog/en-jp/directional-control-valves/air-operated-valves/VPA-A-E new_urls=2
  ✓ [ 521] pend=1890 series        /webcatalog/en-jp/directional-control-valves/air-operated-valves/VTA-E new_urls=1
  ✓ [ 522] pend=1889 series        /webcatalog/en-jp/directional-control-valves/air-operated-valves/VGA-E new_urls=1
  ✓ [ 523] pend=1888 series        bcatalog/en-jp/directional-control-valves/air-operated-valves/VPA-AB-E new_urls=1
  ✓ [ 524] pend=1887 series        -jp/directional-control-valves/mechanical-valves-transmitters/VM100F-E new_urls=2
  ✓ [ 525] pend=1886 series        directional-control-valves/mechanical-valves-transmitters/VM-VZM-VFM-E new_urls=2
  ✓ [ 526] pend=1885 series        g/en-jp/directional-control-valves/mechanical-valves-transmitters/VR-E new_urls=1
  ✓ [ 527] pend=1884 series        en-jp/directional-control-valves/mechanical-valves-transmitters/VR51-E new_urls=1
  ✓ [ 528] pend=1883 series        l-valves/finger-valve-hand-valves-residual-relief-3-port-valve/VHK-A-E new_urls=1
  ✓ [ 529] pend=1882 series        rol-valves/finger-valve-hand-valves-residual-relief-3-port-valve/VHL-E new_urls=1
  ✓ [ 530] pend=1881 series        trol-valves/finger-valve-hand-valves-residual-relief-3-port-valve/VH-E new_urls=1
  ✓ [ 531] pend=1880 series        -valves/finger-valve-hand-valves-residual-relief-3-port-valve/VHA200-E new_urls=1
  ✓ [ 532] pend=1879 series        l-valves/finger-valve-hand-valves-residual-relief-3-port-valve/VHS-D-E new_urls=1
  ✓ [ 533] pend=1878 series        l-valves/finger-valve-hand-valves-residual-relief-3-port-valve/VHS-Z-E new_urls=1
  ✓ [ 534] pend=1877 series        cworld.com/webcatalog/en-jp/directional-control-valves/blow-guns/VMG-E new_urls=1
  ✓ [ 535] pend=1877 series        world.com/webcatalog/en-jp/directional-control-valves/blow-guns/IBG1-E new_urls=2
  ✓ [ 536] pend=1876 series        orld.com/webcatalog/en-jp/directional-control-valves/blow-guns/IZG10-E new_urls=4
  ✓ [ 537] pend=1875 series        .com/webcatalog/en-jp/directional-control-valves/power-valves/VEX3-P-E new_urls=1
  ✓ [ 538] pend=1874 series        d.com/webcatalog/en-jp/directional-control-valves/power-valves/VEX-P-E 
  ✓ [ 539] pend=1873 series        ld.com/webcatalog/en-jp/directional-control-valves/iso-valves/VQ-5PI-E new_urls=1
  ✓ [ 540] pend=1872 series        d.com/webcatalog/en-jp/directional-control-valves/iso-valves/EVS7-6-10 new_urls=1
  ✓ [ 541] pend=1871 series        d.com/webcatalog/en-jp/directional-control-valves/iso-valves/VSR8/VSS8 new_urls=1
  ✓ [ 542] pend=1870 series        .com/webcatalog/en-jp/directional-control-valves/iso-valves/EVS1-01-02 new_urls=1
  ✓ [ 543] pend=1869 series        rld.com/webcatalog/en-jp/directional-control-valves/iso-valves/VSS-VSR new_urls=1
  ✓ [ 544] pend=1868 series        directional-control-valves/explosion-proof-valves/50-VFE-50-VPE-X170-E new_urls=1
  ✓ [ 545] pend=1867 series        atalog/en-jp/directional-control-valves/explosion-proof-valves/51-SY-E new_urls=1
  ✓ [ 546] pend=1866 series        orld.com/webcatalog/en-jp/air-cylinders/air-cylinders-round-type/CJ1-E new_urls=1 flagged=1 variations=2
  ✓ [ 547] pend=1865 series        orld.com/webcatalog/en-jp/air-cylinders/air-cylinders-round-type/CJP-E new_urls=1 flagged=1 variations=2
  ✓ [ 548] pend=1864 series        bcatalog/en-jp/air-cylinders/air-cylinders-round-type/CJP2-CDJP2-CJP-E new_urls=3 flagged=7 variations=3 suffix_options=6
  ✓ [ 549] pend=1863 series        m/webcatalog/en-jp/air-cylinders/air-cylinders-round-type/CJ2-CDJ2-Z-E new_urls=1 flagged=14 variations=12 suffix_options=13
  ✓ [ 550] pend=1862 series        com/webcatalog/en-jp/air-cylinders/air-cylinders-round-type/CJ2-XB24-E new_urls=1 flagged=1 variations=1
  ✓ [ 551] pend=1861 series        om/webcatalog/en-jp/air-cylinders/air-cylinders-round-type/CJ2-X3175-E new_urls=1 flagged=1 variations=1
  ✓ [ 552] pend=1860 series        com/webcatalog/en-jp/air-cylinders/air-cylinders-round-type/JCM-JCDM-E new_urls=1 flagged=1 variations=1
  ✓ [ 553] pend=1859 series        d.com/webcatalog/en-jp/air-cylinders/air-cylinders-round-type/CM2-Z1-E new_urls=1 flagged=4 variations=6 suffix_options=3
  ✓ [ 554] pend=1858 series        com/webcatalog/en-jp/air-cylinders/air-cylinders-round-type/CM2-XB24-E new_urls=1 flagged=1 variations=1
  ✓ [ 555] pend=1857 series        m/webcatalog/en-jp/air-cylinders/air-cylinders-round-type/CM2-CDM2-Z-E new_urls=1 flagged=26 variations=10 suffix_options=25
  ✓ [ 556] pend=1856 series        com/webcatalog/en-jp/air-cylinders/air-cylinders-round-type/CM3-CDM3-E new_urls=1 flagged=1 variations=1
  ✓ [ 557] pend=1855 series        d.com/webcatalog/en-jp/air-cylinders/air-cylinders-round-type/CG1-Z1-E new_urls=2 flagged=16 variations=4 suffix_options=15
  ✓ [ 558] pend=1854 series        m/webcatalog/en-jp/air-cylinders/air-cylinders-round-type/CG1-CDG1-Z-E new_urls=1 flagged=22 variations=8 suffix_options=21
  ✓ [ 559] pend=1853 series        com/webcatalog/en-jp/air-cylinders/air-cylinders-round-type/CG3-CDG3-E new_urls=1 flagged=2 variations=1 suffix_options=1
  ✓ [ 560] pend=1854 series        orld.com/webcatalog/en-jp/air-cylinders/air-cylinders-round-type/NCM-E new_urls=3
  ✓ [ 561] pend=1853 series        /webcatalog/en-jp/air-cylinders/air-cylinders-round-type/CG3-CDG3-Z1-E new_urls=1 flagged=2 variations=1 suffix_options=1
  ✓ [ 562] pend=1852 series        ld.com/webcatalog/en-jp/air-cylinders/air-cylinders-square-cover/JMB-E new_urls=1 flagged=1 variations=1
  ✓ [ 563] pend=1851 series        ld.com/webcatalog/en-jp/air-cylinders/air-cylinders-square-cover/MB2-E new_urls=1 variations=4
  ✓ [ 564] pend=1850 series        m/webcatalog/en-jp/air-cylinders/air-cylinders-square-cover/MB-MDB-Z-E new_urls=1 flagged=26 variations=5 suffix_options=25
  ✓ [ 565] pend=1849 series        m/webcatalog/en-jp/air-cylinders/air-cylinders-square-cover/MB-X3155-E new_urls=1 flagged=1 variations=1
  ✓ [ 566] pend=1848 series        m/webcatalog/en-jp/air-cylinders/air-cylinders-square-cover/MB-X3157-E new_urls=1
  ✓ [ 567] pend=1847 series        ld.com/webcatalog/en-jp/air-cylinders/air-cylinders-square-cover/MB1-E new_urls=1 flagged=22 variations=3 suffix_options=21
  ✓ [ 568] pend=1846 series        webcatalog/en-jp/air-cylinders/air-cylinders-square-cover/CA2-CDA2-Z-E new_urls=1 flagged=28 variations=7 suffix_options=27
  ✓ [ 569] pend=1845 series        m/webcatalog/en-jp/air-cylinders/air-cylinders-square-cover/CS1-CDS1-E new_urls=1 flagged=21 variations=3 suffix_options=20
  ✓ [ 570] pend=1844 series        m/webcatalog/en-jp/air-cylinders/air-cylinders-square-cover/CS2-CDS2-E new_urls=1 flagged=19 variations=4 suffix_options=18
  ✓ [ 571] pend=1843 series        catalog/en-jp/air-cylinders/air-cylinders-square-cover/CP96-CP96SD-2-E new_urls=1 flagged=1 variations=2
  ✓ [ 572] pend=1842 series        ebcatalog/en-jp/air-cylinders/air-cylinders-square-cover/C96-C96SD-2-E new_urls=1 flagged=1 variations=3
  ✓ [ 573] pend=1843 series        d.com/webcatalog/en-jp/air-cylinders/air-cylinders-square-cover/NCA1-E new_urls=3
  ✓ [ 574] pend=1842 series        ld.com/webcatalog/en-jp/air-cylinders/compact-air-cylinders/CUJ-CDUJ-E new_urls=1 flagged=4 variations=2 suffix_options=3
  ✓ [ 575] pend=1841 series        ld.com/webcatalog/en-jp/air-cylinders/compact-air-cylinders/CUJ-XB24-E new_urls=1 flagged=1 variations=1
  ✓ [ 576] pend=1840 series        orld.com/webcatalog/en-jp/air-cylinders/compact-air-cylinders/CU-CDU-E new_urls=1 flagged=9 variations=10 suffix_options=8
  ✓ [ 577] pend=1839 series        rld.com/webcatalog/en-jp/air-cylinders/compact-air-cylinders/CU-XB24-E new_urls=1 flagged=1 variations=1
  ✓ [ 578] pend=1838 series        d.com/webcatalog/en-jp/air-cylinders/compact-air-cylinders/CDU-X3178-E new_urls=1 flagged=1 variations=1
  ✓ [ 579] pend=1837 series        ld.com/webcatalog/en-jp/air-cylinders/compact-air-cylinders/CQS-CDQS-E new_urls=1 flagged=17 variations=6 suffix_options=16
  ✓ [ 580] pend=1836 series        ld.com/webcatalog/en-jp/air-cylinders/compact-air-cylinders/CQS-XB24-E new_urls=1 flagged=2 variations=1 suffix_options=1
  ✓ [ 581] pend=1835 series        ld.com/webcatalog/en-jp/air-cylinders/compact-air-cylinders/JCQ-JCDQ-E new_urls=1 flagged=1 variations=1
  ✓ [ 582] pend=1834 series        .com/webcatalog/en-jp/air-cylinders/compact-air-cylinders/CQ2-CDQ2-Z-E new_urls=1 flagged=27 variations=14 suffix_options=26
  ✓ [ 583] pend=1833 series        ld.com/webcatalog/en-jp/air-cylinders/compact-air-cylinders/CQ2-XB24-E new_urls=1 flagged=3 variations=1 suffix_options=2
  ✓ [ 584] pend=1832 series        mcworld.com/webcatalog/en-jp/air-cylinders/compact-air-cylinders/CQE-E new_urls=1 flagged=1 variations=1
  ✓ [ 585] pend=1831 series        com/webcatalog/en-jp/air-cylinders/compact-air-cylinders/CDQ2B-X3166-E new_urls=1 flagged=1 variations=1
  ✓ [ 586] pend=1830 series        com/webcatalog/en-jp/air-cylinders/compact-air-cylinders/CDQ2B-X3150-E new_urls=1 flagged=1 variations=1
  ✓ [ 587] pend=1829 series        com/webcatalog/en-jp/air-cylinders/compact-air-cylinders/CDQ2B-X3205-E new_urls=1 flagged=1 variations=1
  ✓ [ 588] pend=1828 series        com/webcatalog/en-jp/air-cylinders/compact-air-cylinders/CDQ2B-X3206-E new_urls=1 flagged=1 variations=1
  ✓ [ 589] pend=1827 series        com/webcatalog/en-jp/air-cylinders/compact-air-cylinders/CDQ2B-X3207-E new_urls=1 flagged=1 variations=1
  ✓ [ 590] pend=1826 series        com/webcatalog/en-jp/air-cylinders/compact-air-cylinders/CDQ2A-X3260-E new_urls=1 flagged=1 variations=1
  ✓ [ 591] pend=1825 series        orld.com/webcatalog/en-jp/air-cylinders/compact-air-cylinders/RQ-RDQ-E new_urls=1 flagged=5 variations=1 suffix_options=4
  ✓ [ 592] pend=1824 series        ld.com/webcatalog/en-jp/air-cylinders/compact-air-cylinders/CQM-CDQM-E new_urls=1 flagged=1 variations=1
  ✓ [ 593] pend=1823 series        mcworld.com/webcatalog/en-jp/air-cylinders/compact-air-cylinders/CQU-E new_urls=1 flagged=1 variations=1
  ✓ [ 594] pend=1822 series        ld.com/webcatalog/en-jp/air-cylinders/compact-air-cylinders/MU-MDU-Z-E new_urls=1 flagged=3 variations=3 suffix_options=2
  ✓ [ 595] pend=1821 series        ld.com/webcatalog/en-jp/air-cylinders/compact-air-cylinders/C55-CD55-E new_urls=1 flagged=1 variations=1
  ✓ [ 596] pend=1822 series        cworld.com/webcatalog/en-jp/air-cylinders/compact-air-cylinders/NCQ8-E new_urls=3
  ✓ [ 597] pend=1821 series        m/webcatalog/en-jp/air-cylinders/environment-resistant-cylinders/CM5-E new_urls=1 flagged=1 variations=2
  ✓ [ 598] pend=1820 series        -cylinders/environment-resistant-cylinders/CJ5-S-CDJ5-S-CG5-S-CDG5-S-E new_urls=1 flagged=3 variations=3 suffix_options=2
  ✓ [ 599] pend=1819 series        catalog/en-jp/air-cylinders/environment-resistant-cylinders/HF2A-CG5-E new_urls=1
  ✓ [ 600] pend=1818 series        catalog/en-jp/air-cylinders/environment-resistant-cylinders/CS1BN125-E new_urls=1
  ✓ [ 601] pend=1817 series        bcatalog/en-jp/air-cylinders/environment-resistant-cylinders/SUS-BKT-E new_urls=1
  ✓ [ 602] pend=1816 series        g/en-jp/air-cylinders/environment-resistant-cylinders/OM-STAIN-XB-XC-E flagged=6 suffix_options=6
  ✓ [ 603] pend=1815 series        m/webcatalog/en-jp/air-cylinders/environment-resistant-cylinders/HYB-E new_urls=1 flagged=1 variations=1
  ✓ [ 604] pend=1814 series        catalog/en-jp/air-cylinders/environment-resistant-cylinders/HY_-HYD_-E new_urls=1 flagged=1 variations=4
  ✓ [ 605] pend=1813 series        om/webcatalog/en-jp/air-cylinders/environment-resistant-cylinders/CM-E new_urls=1 flagged=2 variations=13 suffix_options=1
  ✓ [ 606] pend=1812 series        /webcatalog/en-jp/air-cylinders/environment-resistant-cylinders/CSLF-E new_urls=1 flagged=1 variations=10
  ✓ [ 607] pend=1811 series        alog/en-jp/air-cylinders/environment-resistant-cylinders/CQ2-MGP-XC4-E new_urls=1 flagged=1 variations=5
  ✓ [ 608] pend=1810 series        catalog/en-jp/air-cylinders/environment-resistant-cylinders/MXQ-XC4A-E new_urls=1 flagged=1 variations=2
  ✓ [ 609] pend=1809 series        ebcatalog/en-jp/air-cylinders/environment-resistant-cylinders/CSLF-2-E new_urls=1 flagged=1 variations=3
  ✓ [ 610] pend=1808 series        alog/en-jp/air-cylinders/environment-resistant-cylinders/OM-DUST-XC4-E flagged=2 suffix_options=2
  ✓ [ 611] pend=1807 series        /en-jp/air-cylinders/environment-resistant-cylinders/OM-HEAT-COLD-XB-E flagged=4 suffix_options=4
  ✓ [ 612] pend=1806 series        mcworld.com/webcatalog/en-jp/air-cylinders/floating-joints-rod-end/J-E new_urls=1
  ✓ [ 613] pend=1805 series        cworld.com/webcatalog/en-jp/air-cylinders/floating-joints-rod-end/KJ-E new_urls=1
  ✓ [ 614] pend=1804 series        //www.smcworld.com/webcatalog/en-jp/air-cylinders/air-hydro-units/CC-E new_urls=1
  ✓ [ 615] pend=1803 series        talog/en-jp/air-cylinders/mechanically-jointed-rodless-cylinders/MY1-E new_urls=1 flagged=4 variations=5 suffix_options=3
  ✓ [ 616] pend=1802 series        g/en-jp/air-cylinders/mechanically-jointed-rodless-cylinders/MY1B-Z1-E new_urls=1
  ✓ [ 617] pend=1801 series        log/en-jp/air-cylinders/mechanically-jointed-rodless-cylinders/MY1_W-E new_urls=1 flagged=3 variations=2 suffix_options=2
  ✓ [ 618] pend=1800 series        talog/en-jp/air-cylinders/mechanically-jointed-rodless-cylinders/MY2-E new_urls=1 flagged=4 variations=3 suffix_options=3
  ✓ [ 619] pend=1799 series        talog/en-jp/air-cylinders/mechanically-jointed-rodless-cylinders/MY3-E new_urls=1 flagged=2 variations=3 suffix_options=1
  ✓ [ 620] pend=1798 series        alog/en-jp/air-cylinders/magnetically-coupled-rodless-cylinders/CY3B-E new_urls=2 flagged=7 variations=1 suffix_options=6
  ✓ [ 621] pend=1797 series        alog/en-jp/air-cylinders/magnetically-coupled-rodless-cylinders/CY3R-E new_urls=1
  ✓ [ 622] pend=1796 series        talog/en-jp/air-cylinders/magnetically-coupled-rodless-cylinders/CY3-E new_urls=1 flagged=7 variations=2 suffix_options=6
  ✓ [ 623] pend=1795 series        alog/en-jp/air-cylinders/magnetically-coupled-rodless-cylinders/CY3S-E new_urls=1 flagged=1 variations=1
  ✓ [ 624] pend=1794 series        og/en-jp/air-cylinders/magnetically-coupled-rodless-cylinders/CY1S-Z-E new_urls=1 flagged=3 variations=1 suffix_options=2
  ✓ [ 625] pend=1793 series        talog/en-jp/air-cylinders/magnetically-coupled-rodless-cylinders/CY1-E new_urls=1 flagged=6 variations=3 suffix_options=5
  ✓ [ 626] pend=1792 series        alog/en-jp/air-cylinders/magnetically-coupled-rodless-cylinders/CY1F-E new_urls=1 flagged=3 variations=1 suffix_options=2
  ✓ [ 627] pend=1791 series        talog/en-jp/air-cylinders/magnetically-coupled-rodless-cylinders/CYP-E new_urls=1 flagged=1 variations=1
  ✓ [ 628] pend=1790 series        www.smcworld.com/webcatalog/en-jp/air-cylinders/table-cylinders/MXH2-E new_urls=1 flagged=1 variations=1
  ✓ [ 629] pend=1789 series        .smcworld.com/webcatalog/en-jp/air-cylinders/table-cylinders/MXH-Z-2-E new_urls=1 flagged=6 variations=1 suffix_options=5
  ✓ [ 630] pend=1788 series        /www.smcworld.com/webcatalog/en-jp/air-cylinders/table-cylinders/MXZ-E new_urls=1 flagged=1 variations=1
  ✓ [ 631] pend=1787 series        /www.smcworld.com/webcatalog/en-jp/air-cylinders/table-cylinders/MXS-E new_urls=1 flagged=1 variations=2
  ✓ [ 632] pend=1786 series        /www.smcworld.com/webcatalog/en-jp/air-cylinders/table-cylinders/MXQ-E new_urls=1 flagged=1 variations=4
  ✓ [ 633] pend=1785 series        ww.smcworld.com/webcatalog/en-jp/air-cylinders/table-cylinders/MXQ-A-E new_urls=1 flagged=1 variations=2
  ✓ [ 634] pend=1784 series        world.com/webcatalog/en-jp/air-cylinders/table-cylinders/MXQ32-X2600-E new_urls=1 flagged=1 variations=1
  ✓ [ 635] pend=1783 series        www.smcworld.com/webcatalog/en-jp/air-cylinders/table-cylinders/MXQR-E new_urls=1 flagged=1 variations=1
  ✓ [ 636] pend=1782 series        /www.smcworld.com/webcatalog/en-jp/air-cylinders/table-cylinders/MXF-E new_urls=1 flagged=1 variations=1
  ✓ [ 637] pend=1781 series        /www.smcworld.com/webcatalog/en-jp/air-cylinders/table-cylinders/MXW-E new_urls=1 flagged=1 variations=1
  ✓ [ 638] pend=1780 series        /www.smcworld.com/webcatalog/en-jp/air-cylinders/table-cylinders/MXJ-E new_urls=1 flagged=1 variations=1
  ✓ [ 639] pend=1779 series        ww.smcworld.com/webcatalog/en-jp/air-cylinders/table-cylinders/MXJ1_-E new_urls=1 flagged=1 variations=1
  ✓ [ 640] pend=1778 series        /www.smcworld.com/webcatalog/en-jp/air-cylinders/table-cylinders/MXP-E new_urls=1 flagged=1 variations=2
  ✓ [ 641] pend=1777 series        /www.smcworld.com/webcatalog/en-jp/air-cylinders/table-cylinders/MXY-E new_urls=1 flagged=1 variations=1
  ✓ [ 642] pend=1776 series        /www.smcworld.com/webcatalog/en-jp/air-cylinders/table-cylinders/MTS-E new_urls=1 flagged=3 variations=1 suffix_options=2
  ✓ [ 643] pend=1775 series        www.smcworld.com/webcatalog/en-jp/air-cylinders/guide-cylinders/MGPK-E new_urls=1 variations=4
  ✓ [ 644] pend=1774 series        ww.smcworld.com/webcatalog/en-jp/air-cylinders/guide-cylinders/MGP-Z-E new_urls=1 flagged=21 variations=10 suffix_options=20
  ✓ [ 645] pend=1773 series        smcworld.com/webcatalog/en-jp/air-cylinders/guide-cylinders/MGP-XB24-E new_urls=1 variations=2
  ✓ [ 646] pend=1772 series        /www.smcworld.com/webcatalog/en-jp/air-cylinders/guide-cylinders/MGJ-E new_urls=1 flagged=1 variations=1
  ✓ [ 647] pend=1771 series        smcworld.com/webcatalog/en-jp/air-cylinders/guide-cylinders/MGJ-XB24-E new_urls=1 flagged=1 variations=1
  ✓ [ 648] pend=1770 series        www.smcworld.com/webcatalog/en-jp/air-cylinders/guide-cylinders/MGPW-E new_urls=1 flagged=1 variations=1 suffix_options=1
  ✓ [ 649] pend=1769 series        /www.smcworld.com/webcatalog/en-jp/air-cylinders/guide-cylinders/MGQ-E new_urls=2 flagged=8 variations=3 suffix_options=7
  ✓ [ 650] pend=1768 series        /www.smcworld.com/webcatalog/en-jp/air-cylinders/guide-cylinders/MGG-E new_urls=1 flagged=19 variations=3 suffix_options=19
  ✓ [ 651] pend=1767 series        /www.smcworld.com/webcatalog/en-jp/air-cylinders/guide-cylinders/MGC-E new_urls=1 flagged=17 variations=1 suffix_options=16
  ✓ [ 652] pend=1766 series        /www.smcworld.com/webcatalog/en-jp/air-cylinders/guide-cylinders/CXT-E new_urls=1 flagged=2 variations=2 suffix_options=2
  ✓ [ 653] pend=1765 series        /www.smcworld.com/webcatalog/en-jp/air-cylinders/guide-cylinders/MGF-E new_urls=1 flagged=2 variations=1 suffix_options=1
  ✓ [ 654] pend=1764 series        smcworld.com/webcatalog/en-jp/air-cylinders/guide-cylinders/MGZ-MGZR-E new_urls=1 flagged=1 variations=3
  ✓ [ 655] pend=1763 series        /www.smcworld.com/webcatalog/en-jp/air-cylinders/guide-cylinders/MGT-E new_urls=1 variations=2
  ✓ [ 656] pend=1762 series        .smcworld.com/webcatalog/en-jp/air-cylinders/dual-rod-cylinders/JMGP-E new_urls=1 variations=1
  ✓ [ 657] pend=1761 series        .smcworld.com/webcatalog/en-jp/air-cylinders/dual-rod-cylinders/CXSJ-E new_urls=1 flagged=7 variations=2 suffix_options=7
  ✓ [ 658] pend=1760 series        .smcworld.com/webcatalog/en-jp/air-cylinders/dual-rod-cylinders/CXS2-E new_urls=1 variations=1
  ✓ [ 659] pend=1759 series        w.smcworld.com/webcatalog/en-jp/air-cylinders/dual-rod-cylinders/CXS-E flagged=9 variations=4 suffix_options=9
  ✓ [ 660] pend=1758 series        orld.com/webcatalog/en-jp/air-cylinders/dual-rod-cylinders/CXS2-XB24-E new_urls=1 variations=1
  ✓ [ 661] pend=1757 series        om/webcatalog/en-jp/air-cylinders/dual-rod-cylinders/CX2-CDBX2-CDPX2-E new_urls=1 flagged=5 variations=1 suffix_options=4
  ✓ [ 662] pend=1756 series        om/webcatalog/en-jp/air-cylinders/dual-rod-cylinders/CXW-CDBXW-CDPXW-E flagged=3 variations=2 suffix_options=3
  ✓ [ 663] pend=1755 series        n-jp/air-cylinders/lock-cylinders-cylinder-with-an-end-lock/CNG-CDNG-E new_urls=1 flagged=4 variations=1 suffix_options=3
  ✓ [ 664] pend=1754 series        n-jp/air-cylinders/lock-cylinders-cylinder-with-an-end-lock/MWB-MDWB-E new_urls=1 flagged=2 variations=3 suffix_options=1
  ✓ [ 665] pend=1753 series        -jp/air-cylinders/lock-cylinders-cylinder-with-an-end-lock/MGG-XC104-E new_urls=1 flagged=1 variations=1 suffix_options=1
  ✓ [ 666] pend=1752 series        jp/air-cylinders/lock-cylinders-cylinder-with-an-end-lock/CNA2-CDNA2-E new_urls=1 flagged=8 variations=2 suffix_options=7
  ✓ [ 667] pend=1751 series        n-jp/air-cylinders/lock-cylinders-cylinder-with-an-end-lock/CNS-CDNS-E new_urls=1 flagged=3 variations=1 suffix_options=2
  ✓ [ 668] pend=1750 series        n-jp/air-cylinders/lock-cylinders-cylinder-with-an-end-lock/CLS-CDLS-E new_urls=1 flagged=5 variations=1 suffix_options=4
  ✓ [ 669] pend=1749 series        n-jp/air-cylinders/lock-cylinders-cylinder-with-an-end-lock/CLQ-CDLQ-E new_urls=1 flagged=5 variations=1 suffix_options=4
  ✓ [ 670] pend=1748 series        n-jp/air-cylinders/lock-cylinders-cylinder-with-an-end-lock/RLQ-RDLQ-E new_urls=1 flagged=2 variations=1 suffix_options=1
  ✓ [ 671] pend=1747 series        n-jp/air-cylinders/lock-cylinders-cylinder-with-an-end-lock/MLU-MDLU-E new_urls=1 flagged=2 variations=1 suffix_options=1
  ✓ [ 672] pend=1746 series        /en-jp/air-cylinders/lock-cylinders-cylinder-with-an-end-lock/MLGP-Z-E new_urls=1 flagged=2 variations=2 suffix_options=2
  ✓ [ 673] pend=1745 series        og/en-jp/air-cylinders/lock-cylinders-cylinder-with-an-end-lock/ML1C-E new_urls=1 flagged=2 variations=1 suffix_options=1
  ✓ [ 674] pend=1744 series        log/en-jp/air-cylinders/lock-cylinders-cylinder-with-an-end-lock/CEL-E 
  ✓ [ 675] pend=1743 series        orld.com/webcatalog/en-jp/air-cylinders/fine-lock-cylinders/CL_-CDL_-E new_urls=1 flagged=4 variations=4 suffix_options=3
  ✓ [ 676] pend=1742 series        ld.com/webcatalog/en-jp/air-cylinders/fine-lock-cylinders/CLA2-CDLA2-E new_urls=1 flagged=1 variations=2
  ✓ [ 677] pend=1741 series        smcworld.com/webcatalog/en-jp/air-cylinders/fine-lock-cylinders/MLGC-E new_urls=1 flagged=1 variations=2 suffix_options=1
  ✓ [ 678] pend=1740 series        .smcworld.com/webcatalog/en-jp/air-cylinders/specialty-cylinders/REA-E new_urls=1 flagged=5 variations=6 suffix_options=4
  ✓ [ 679] pend=1739 series        .smcworld.com/webcatalog/en-jp/air-cylinders/specialty-cylinders/REB-E flagged=3 variations=3 suffix_options=2
  ✓ [ 680] pend=1738 series        .smcworld.com/webcatalog/en-jp/air-cylinders/specialty-cylinders/REC-E new_urls=1 flagged=1 variations=1
  ✓ [ 681] pend=1737 series        orld.com/webcatalog/en-jp/air-cylinders/specialty-cylinders/SMOOTH-C-E new_urls=1 flagged=4 variations=9 suffix_options=3
  ✓ [ 682] pend=1736 series        ebcatalog/en-jp/air-cylinders/specialty-cylinders/Low-Speed-Cylinder-E new_urls=1 flagged=1 variations=6
  ✓ [ 683] pend=1735 series        d.com/webcatalog/en-jp/air-cylinders/specialty-cylinders/MQQ-MQM-MQP-E new_urls=1
  ✓ [ 684] pend=1734 series        com/webcatalog/en-jp/air-cylinders/specialty-cylinders/CM2-CQ2-X3423-E new_urls=1
  ✓ [ 685] pend=1733 series        .smcworld.com/webcatalog/en-jp/air-cylinders/specialty-cylinders/RHC-E new_urls=1 flagged=4 variations=2 suffix_options=3
  ✓ [ 686] pend=1732 series        .smcworld.com/webcatalog/en-jp/air-cylinders/specialty-cylinders/RZQ-E new_urls=1 flagged=1 variations=1
  ✓ [ 687] pend=1731 series        cworld.com/webcatalog/en-jp/air-cylinders/specialty-cylinders/IN-777-E new_urls=1 flagged=1 variations=1
  ✓ [ 688] pend=1730 series        mcworld.com/webcatalog/en-jp/air-cylinders/specialty-cylinders/XT316-E new_urls=1
  ✓ [ 689] pend=1729 series        www.smcworld.com/webcatalog/en-jp/air-cylinders/clamp-cylinders/MK-Z-E new_urls=2 flagged=4 variations=1 suffix_options=3
  ✓ [ 690] pend=1728 series        www.smcworld.com/webcatalog/en-jp/air-cylinders/clamp-cylinders/MK2T-E new_urls=1 flagged=3 variations=1 suffix_options=2
  ✓ [ 691] pend=1727 series        /www.smcworld.com/webcatalog/en-jp/air-cylinders/clamp-cylinders/CK1-E new_urls=1 flagged=1 variations=3
  ✓ [ 692] pend=1726 series        www.smcworld.com/webcatalog/en-jp/air-cylinders/clamp-cylinders/CLK2-E new_urls=1 flagged=1 suffix_options=1
  ✓ [ 693] pend=1725 series        w.smcworld.com/webcatalog/en-jp/air-cylinders/clamp-cylinders/CLK2-Z-E new_urls=1
  ✓ [ 694] pend=1724 series        m/webcatalog/en-jp/air-cylinders/clamp-cylinders/C(L)KG-C(L)KP-X2095-E new_urls=1 flagged=1 variations=4
  ✓ [ 695] pend=1723 series        d.com/webcatalog/en-jp/air-cylinders/clamp-cylinders/C(L)KQG-C(L)KQP-E new_urls=1
  ✓ [ 696] pend=1722 series        world.com/webcatalog/en-jp/air-cylinders/clamp-cylinders/CKQ_D-X3256-E new_urls=1
  ✓ [ 697] pend=1721 series        orld.com/webcatalog/en-jp/air-cylinders/clamp-cylinders/CKQG32-X3036-E new_urls=1
  ✓ [ 698] pend=1720 series        world.com/webcatalog/en-jp/air-cylinders/clamp-cylinders/CKQ32-X3445-E new_urls=1
  ✓ [ 699] pend=1719 series        om/webcatalog/en-jp/air-cylinders/clamp-cylinders/C(L)KQG32-C(L)KU32-E new_urls=1
  ✓ [ 700] pend=1718 series        ld.com/webcatalog/en-jp/air-cylinders/clamp-cylinders/C(L)KU32-X2359-E new_urls=2
  ✓ [ 701] pend=1717 series        w.smcworld.com/webcatalog/en-jp/air-cylinders/clamp-cylinders/CKZM16-E new_urls=2 flagged=1 variations=2
  ✓ [ 702] pend=1716 series        smcworld.com/webcatalog/en-jp/air-cylinders/clamp-cylinders/CKZT25-X-E new_urls=1
  ✓ [ 703] pend=1715 series        w.smcworld.com/webcatalog/en-jp/air-cylinders/clamp-cylinders/CKZT40-E new_urls=1
  ✓ [ 704] pend=1714 series        ww.smcworld.com/webcatalog/en-jp/air-cylinders/clamp-cylinders/CKZ5T-E new_urls=1
  ✓ [ 705] pend=1713 series        world.com/webcatalog/en-jp/air-cylinders/clamp-cylinders/CKZ3T-X2734-E new_urls=1
  ✓ [ 706] pend=1712 series        w.smcworld.com/webcatalog/en-jp/air-cylinders/clamp-cylinders/CKZT80-E new_urls=1
  ✓ [ 707] pend=1711 series        ww.smcworld.com/webcatalog/en-jp/air-cylinders/clamp-cylinders/CKZ5N-E new_urls=1
  ✓ [ 708] pend=1710 series        .smcworld.com/webcatalog/en-jp/air-cylinders/clamp-cylinders/CKZ3N-X-E new_urls=1
  ✓ [ 709] pend=1709 series        www.smcworld.com/webcatalog/en-jp/air-cylinders/clamp-cylinders/CKZT-E new_urls=1
  ✓ [ 710] pend=1708 series        ww.smcworld.com/webcatalog/en-jp/air-cylinders/clamp-cylinders/CKZ2N-E new_urls=1
  ✓ [ 711] pend=1707 series        world.com/webcatalog/en-jp/air-cylinders/clamp-cylinders/CKZ2N-X2346-E new_urls=1
  ✓ [ 712] pend=1706 series        /www.smcworld.com/webcatalog/en-jp/air-cylinders/clamp-cylinders/WRF-E new_urls=1
  ✓ [ 713] pend=1705 series        smcworld.com/webcatalog/en-jp/air-cylinders/clamp-cylinders/WRF100-X-E new_urls=1
  ✓ [ 714] pend=1704 series        /www.smcworld.com/webcatalog/en-jp/air-cylinders/clamp-cylinders/W-R-E new_urls=1
  ✓ [ 715] pend=1703 series        //www.smcworld.com/webcatalog/en-jp/air-cylinders/clamp-cylinders/CL-E new_urls=1
  ✓ [ 716] pend=1702 series        w.smcworld.com/webcatalog/en-jp/air-cylinders/pin-shift-cylinder/CKQ-E new_urls=1
  ✓ [ 717] pend=1701 series        .smcworld.com/webcatalog/en-jp/air-cylinders/pin-shift-cylinder/CKZP-E new_urls=1
  ✓ [ 718] pend=1700 series        d.com/webcatalog/en-jp/air-cylinders/pin-shift-cylinder/MGPL50-X2616-E new_urls=1 variations=1
  ✓ [ 719] pend=1699 series        ld.com/webcatalog/en-jp/air-cylinders/pin-shift-cylinder/CDQ2B-X2839-E new_urls=1
  ✓ [ 720] pend=1698 series        rld.com/webcatalog/en-jp/air-cylinders/pin-shift-cylinder/MA331-X441-E new_urls=1
  ✓ [ 721] pend=1697 series        .smcworld.com/webcatalog/en-jp/air-cylinders/pin-shift-cylinder/MACM-E new_urls=1
  ✓ [ 722] pend=1696 series        ww.smcworld.com/webcatalog/en-jp/air-cylinders/pin-shift-cylinder/PL-E 
  ✓ [ 723] pend=1695 series        m/webcatalog/en-jp/air-cylinders/stopper-cylinders/RSQ-RSDQ-RSG-RSDG-E new_urls=1 flagged=4 variations=2 suffix_options=3
  ✓ [ 724] pend=1694 series        w.smcworld.com/webcatalog/en-jp/air-cylinders/stopper-cylinders/RS2H-E new_urls=1 flagged=2 variations=1 suffix_options=1
  ✓ [ 725] pend=1693 series        ww.smcworld.com/webcatalog/en-jp/air-cylinders/stopper-cylinders/RSH-E new_urls=1 flagged=1 variations=1
  ✓ [ 726] pend=1692 series        mcworld.com/webcatalog/en-jp/air-cylinders/stopper-cylinders/MIW-MIS-E new_urls=1 flagged=1 variations=2
  ✓ [ 727] pend=1691 series        rld.com/webcatalog/en-jp/air-cylinders/stroke-reading-cylinders/CEP1-E new_urls=1 flagged=2 variations=1 suffix_options=1
  ✓ [ 728] pend=1690 series        orld.com/webcatalog/en-jp/air-cylinders/stroke-reading-cylinders/CE1-E flagged=1 variations=1
  ✓ [ 729] pend=1689 series        orld.com/webcatalog/en-jp/air-cylinders/stroke-reading-cylinders/CE2-E new_urls=1 variations=1
  ✓ [ 730] pend=1688 series        rld.com/webcatalog/en-jp/air-cylinders/stroke-reading-cylinders/ML2B-E new_urls=1 flagged=1 variations=1
  ✓ [ 731] pend=1687 series        om/webcatalog/en-jp/air-cylinders/stroke-reading-cylinders/CEU5-CEU1-E new_urls=1
  ✓ [ 732] pend=1686 series        rld.com/webcatalog/en-jp/air-cylinders/stroke-reading-cylinders/D-MP-E new_urls=1
  ✓ [ 733] pend=1685 series        d.com/webcatalog/en-jp/air-cylinders/valve-mounted-air-cylinders/CVQ-E new_urls=2 flagged=1 variations=1
  ✓ [ 734] pend=1684 series        .com/webcatalog/en-jp/air-cylinders/valve-mounted-air-cylinders/CVQM-E new_urls=1 flagged=1 variations=1
  ✓ [ 735] pend=1683 series        /webcatalog/en-jp/air-cylinders/valve-mounted-air-cylinders/CV_-CDV_-E new_urls=1 flagged=8 variations=9 suffix_options=7
  ✓ [ 736] pend=1682 series        .com/webcatalog/en-jp/air-cylinders/valve-mounted-air-cylinders/MVGQ-E new_urls=1 flagged=2 suffix_options=2
  ✓ [ 737] pend=1681 series        world.com/webcatalog/en-jp/air-cylinders/iso-cylinders-6432/C85-CD85-E new_urls=1 flagged=1 variations=12
  ✓ [ 738] pend=1680 series        d.com/webcatalog/en-jp/air-cylinders/iso-cylinders-6432/C85-C75-XB24-E new_urls=1 flagged=1 variations=2
  ✓ [ 739] pend=1679 series        .com/webcatalog/en-jp/air-cylinders/iso-cylinders-6432/C85-C75-X3242-E new_urls=1 flagged=1 variations=2
  ✓ [ 740] pend=1678 series        .smcworld.com/webcatalog/en-jp/air-cylinders/iso-cylinders-15552/HYC-E new_urls=1 flagged=1 variations=1
  ✓ [ 741] pend=1677 series        ld.com/webcatalog/en-jp/air-cylinders/iso-cylinders-15552/CP96N-C96N-E new_urls=1 flagged=1 variations=2
  ✓ [ 742] pend=1676 series        .smcworld.com/webcatalog/en-jp/air-cylinders/iso-cylinders-21287/C55-E new_urls=1 flagged=1 variations=4
  ✓ [ 743] pend=1675 series        orld.com/webcatalog/en-jp/air-cylinders/iso-cylinders-21287/C55-XB24-E new_urls=1 flagged=1 variations=1
  ✓ [ 744] pend=1674 series        ://www.smcworld.com/webcatalog/en-jp/air-cylinders/iso-cylinders/C76-E new_urls=1 flagged=1 variations=6
  ✓ [ 745] pend=1673 series        //www.smcworld.com/webcatalog/en-jp/air-cylinders/iso-cylinders/C95N-E new_urls=1 flagged=1 variations=1
  ✓ [ 746] pend=1672 series        ://www.smcworld.com/webcatalog/en-jp/air-cylinders/iso-cylinders/C95-E new_urls=1 flagged=1 variations=1
  ✓ [ 747] pend=1671 series        //www.smcworld.com/webcatalog/en-jp/air-cylinders/shock-absorbers/RJ-E new_urls=1
  ✓ [ 748] pend=1670 series        //www.smcworld.com/webcatalog/en-jp/air-cylinders/shock-absorbers/RB-E new_urls=1
  ✓ [ 749] pend=1669 series        /www.smcworld.com/webcatalog/en-jp/air-cylinders/auto-switches/D-AS1-E new_urls=2
  ✓ [ 750] pend=1668 series        //www.smcworld.com/webcatalog/en-jp/air-cylinders/auto-switches/D-A9-E new_urls=1
  ✓ [ 751] pend=1667 series        www.smcworld.com/webcatalog/en-jp/air-cylinders/auto-switches/D-M9-5-E new_urls=1
  ✓ [ 752] pend=1666 series        //www.smcworld.com/webcatalog/en-jp/air-cylinders/auto-switches/D-M9-E new_urls=1
  ✓ [ 753] pend=1665 series        www.smcworld.com/webcatalog/en-jp/air-cylinders/auto-switches/D-M9BA-E new_urls=1
  ✓ [ 754] pend=1664 series        www.smcworld.com/webcatalog/en-jp/air-cylinders/auto-switches/D-M7BA-E new_urls=1
  ✓ [ 755] pend=1663 series        ww.smcworld.com/webcatalog/en-jp/air-cylinders/auto-switches/D-P3DWA-E new_urls=3
  ✓ [ 756] pend=1662 series        /www.smcworld.com/webcatalog/en-jp/air-cylinders/auto-switches/D-TAS-E new_urls=1
  ✓ [ 757] pend=1662 series        ld.com/webcatalog/en-jp/air-cylinders/actuator-position-sensor/D-MPG-E new_urls=2
  ✓ [ 758] pend=1661 subcategory   https://www.smcworld.com/webcatalog/en-jp/categoryID/1355?ca_id=1355   
  ✓ [ 759] pend=1660 series        jp/rotary-actuators-air-grippers/rotary-actuators-vane-type/CRB-CDRB-E new_urls=1
  ✓ [ 760] pend=1659 series        otary-actuators-air-grippers/rotary-actuators-vane-type/CRB2-CDRB2-Z-E new_urls=1
  ✓ [ 761] pend=1658 series        en-jp/rotary-actuators-air-grippers/rotary-actuators-vane-type/CRBU2-E new_urls=1
  ✓ [ 762] pend=1657 series        /rotary-actuators-air-grippers/rotary-actuators-vane-type/CRB1-CDRB1-E new_urls=2
  ✓ [ 763] pend=1656 series        jp/rotary-actuators-air-grippers/rotary-actuators-vane-type/MSU-MDSU-E new_urls=1
  ✓ [ 764] pend=1655 series        /rotary-actuators-air-grippers/rotary-actuators-rack-pinion-type/CRJ-E new_urls=1
  ✓ [ 765] pend=1654 series        ctuators-air-grippers/rotary-actuators-rack-pinion-type/CRA1-CDRA1-Z-E new_urls=1
  ✓ [ 766] pend=1653 series        -actuators-air-grippers/rotary-actuators-rack-pinion-type/CRQ2-CDRQ2-E new_urls=1
  ✓ [ 767] pend=1652 series        tary-actuators-air-grippers/rotary-actuators-rack-pinion-type/MSQ_AR-E new_urls=2
  ✓ [ 768] pend=1651 series        /rotary-actuators-air-grippers/rotary-actuators-rack-pinion-type/MSQ-E new_urls=1
  ✓ [ 769] pend=1650 series        /rotary-actuators-air-grippers/rotary-actuators-rack-pinion-type/MSZ-E new_urls=1
  ✓ [ 770] pend=1649 series        ors-air-grippers/rotary-actuators-rack-pinion-type/CRQ2X-CDRQ2X-MSQX-E new_urls=1
  ✓ [ 771] pend=1648 series        /rotary-actuators-air-grippers/rotary-actuators-rack-pinion-type/MRQ-E new_urls=1
  ✓ [ 772] pend=1647 series        en-jp/rotary-actuators-air-grippers/parallel-type-air-grippers/JMHZ2-E new_urls=1
  ✓ [ 773] pend=1646 series        en-jp/rotary-actuators-air-grippers/parallel-type-air-grippers/MHZ_2-E new_urls=1
  ✓ [ 774] pend=1645 series        en-jp/rotary-actuators-air-grippers/parallel-type-air-grippers/RMHZ2-E new_urls=1
  ✓ [ 775] pend=1644 series        en-jp/rotary-actuators-air-grippers/parallel-type-air-grippers/MHQ_2-E new_urls=1
  ✓ [ 776] pend=1643 series        /en-jp/rotary-actuators-air-grippers/parallel-type-air-grippers/MHF2-E new_urls=1
  ✓ [ 777] pend=1642 series        en-jp/rotary-actuators-air-grippers/parallel-type-air-grippers/RMHF2-E 
  ✓ [ 778] pend=1641 series        n-jp/rotary-actuators-air-grippers/parallel-type-air-grippers/MHF2-F-E new_urls=1
  ✓ [ 779] pend=1640 series        rotary-actuators-air-grippers/parallel-type-air-grippers/MHF2-X7076A-E new_urls=1
  ✓ [ 780] pend=1639 series        n-jp/rotary-actuators-air-grippers/parallel-type-air-grippers/MHL2-Z-E new_urls=1
  ✓ [ 781] pend=1638 series        /en-jp/rotary-actuators-air-grippers/parallel-type-air-grippers/MHL2-E new_urls=1
  ✓ [ 782] pend=1637 series        /rotary-actuators-air-grippers/parallel-type-air-grippers/MHR2-MDHR2-E new_urls=1
  ✓ [ 783] pend=1636 series        /rotary-actuators-air-grippers/parallel-type-air-grippers/MHR3-MDHR3-E 
  ✓ [ 784] pend=1635 series        /en-jp/rotary-actuators-air-grippers/parallel-type-air-grippers/MHK2-E new_urls=1
  ✓ [ 785] pend=1634 series        /en-jp/rotary-actuators-air-grippers/parallel-type-air-grippers/MHS2-E new_urls=1
  ✓ [ 786] pend=1633 series        /en-jp/rotary-actuators-air-grippers/parallel-type-air-grippers/MHS3-E 
  ✓ [ 787] pend=1632 series        n-jp/rotary-actuators-air-grippers/parallel-type-air-grippers/MHS3-X-E new_urls=1
  ✓ [ 788] pend=1631 series        en-jp/rotary-actuators-air-grippers/parallel-type-air-grippers/RMHS3-E 
  ✓ [ 789] pend=1630 series        /en-jp/rotary-actuators-air-grippers/parallel-type-air-grippers/MHS4-E 
  ✓ [ 790] pend=1629 series        /rotary-actuators-air-grippers/parallel-type-air-grippers/OM-ENR-PAR-E flagged=1 suffix_options=1
  ✓ [ 791] pend=1628 series        en-jp/rotary-actuators-air-grippers/angular-type-air-grippers/MHC2-S-E new_urls=1
  ✓ [ 792] pend=1627 series        g/en-jp/rotary-actuators-air-grippers/angular-type-air-grippers/MHC2-E new_urls=1
  ✓ [ 793] pend=1626 series        en-jp/rotary-actuators-air-grippers/angular-type-air-grippers/MHT2-Z-E new_urls=1
  ✓ [ 794] pend=1625 series        g/en-jp/rotary-actuators-air-grippers/angular-type-air-grippers/MHY2-E new_urls=1
  ✓ [ 795] pend=1624 series        g/en-jp/rotary-actuators-air-grippers/angular-type-air-grippers/MHW2-E 
  ✓ [ 796] pend=1623 series        g/en-jp/rotary-actuators-air-grippers/angular-type-air-grippers/MRHQ-E new_urls=1
  ✓ [ 797] pend=1622 series        log/en-jp/rotary-actuators-air-grippers/angular-type-air-grippers/MA-E new_urls=1
  ✓ [ 798] pend=1621 series        catalog/en-jp/rotary-actuators-air-grippers/elastic-fingers/MH-X7654-E new_urls=2
  ✓ [ 799] pend=1620 series        m/webcatalog/en-jp/rotary-actuators-air-grippers/magnet-grippers/MHM-E new_urls=1
  ✓ [ 800] pend=1619 series        atalog/en-jp/rotary-actuators-air-grippers/magnet-grippers/MHM-X7776-E new_urls=1
  ✓ [ 801] pend=1618 series        atalog/en-jp/rotary-actuators-air-grippers/magnet-grippers/MHM-X6400-E new_urls=1
  ✓ [ 802] pend=1617 series        -grippers/air-gripper-unit-for-collaborative-robots/JMHZ2-X7400B-CRX-E new_urls=1
  ✓ [ 803] pend=1616 series        ir-grippers/air-gripper-unit-for-collaborative-robots/JMHZ2-X7500-KA-E new_urls=1
  ✓ [ 804] pend=1615 series        ppers/air-gripper-unit-for-collaborative-robots/JMHZ2-X7400B-ASSISTA-E new_urls=1
  ✓ [ 805] pend=1614 series        r-grippers/air-gripper-unit-for-collaborative-robots/JMHZ2-X7400B-TM-E new_urls=1
  ✓ [ 806] pend=1613 series        -grippers/air-gripper-unit-for-collaborative-robots/JMHZ2-16D-X7400B-E new_urls=1
  ✓ [ 807] pend=1612 series        grippers/air-gripper-unit-for-collaborative-robots/JMHZ2-X7400B-HC10-E new_urls=1
  ✓ [ 808] pend=1611 series        ir-grippers/air-gripper-unit-for-collaborative-robots/JMHZ2-X7500-KR-E new_urls=1
  ✓ [ 809] pend=1610 series        d.com/webcatalog/en-jp/rotary-actuators-air-grippers/auto-switches/D-E new_urls=1
  ✓ [ 810] pend=1609 series        m/webcatalog/en-jp/rotary-actuators-air-grippers/auto-switches/D-MH1-E new_urls=1
  ✓ [ 811] pend=1608 series        m/webcatalog/en-jp/rotary-actuators-air-grippers/auto-switches/D-MH2-E new_urls=1
  ✓ [ 812] pend=1607 series        ld.com/webcatalog/en-jp/electric-actuators-cylinders/e-actuator/EQFS-E new_urls=1
  ✓ [ 813] pend=1606 series        rld.com/webcatalog/en-jp/electric-actuators-cylinders/e-actuator/EQY-E 
  ✓ [ 814] pend=1605 series        ld.com/webcatalog/en-jp/electric-actuators-cylinders/e-actuator/EQYG-E 
  ✓ [ 815] pend=1604 series        fold-controller-manifold-controller-compatible-electric-actuator/LE2-E new_urls=2
  ✓ [ 816] pend=1603 series        ld-controller-manifold-controller-compatible-electric-actuator/LE2FB-E 
  ✓ [ 817] pend=1602 series        old-controller-manifold-controller-compatible-electric-actuator/LE2Y-E 
  ✓ [ 818] pend=1601 series        ld-controller-manifold-controller-compatible-electric-actuator/LE2YG-E 
  ✓ [ 819] pend=1600 series        ld-controller-manifold-controller-compatible-electric-actuator/LE2SH-E 
  ✓ [ 820] pend=1599 series        old-controller-manifold-controller-compatible-electric-actuator/LE2R-E 
  ✓ [ 821] pend=1598 series        d-controller-manifold-controller-compatible-electric-actuator/JXD1-M-E new_urls=1
  ✓ [ 822] pend=1597 series        ctric-actuators-cylinders/battery-less-absolute-encoder-type/LEKFS_G-E new_urls=1
  ✓ [ 823] pend=1596 series        lectric-actuators-cylinders/battery-less-absolute-encoder-type/LEKFS-E new_urls=1
  ✓ [ 824] pend=1595 series        ectric-actuators-cylinders/battery-less-absolute-encoder-type/LEFS_G-E new_urls=1
  ✓ [ 825] pend=1594 series        lectric-actuators-cylinders/battery-less-absolute-encoder-type/LEF_E-E new_urls=5
  ✓ [ 826] pend=1593 series        ectric-actuators-cylinders/battery-less-absolute-encoder-type/LEFB_E-E 
  ✓ [ 827] pend=1592 series        lectric-actuators-cylinders/battery-less-absolute-encoder-type/LEFSW-E new_urls=1
  ✓ [ 828] pend=1591 series        lectric-actuators-cylinders/battery-less-absolute-encoder-type/LEY_G-E new_urls=1
  ✓ [ 829] pend=1590 series        lectric-actuators-cylinders/battery-less-absolute-encoder-type/LEY_E-E new_urls=2
  ✓ [ 830] pend=1589 series        ectric-actuators-cylinders/battery-less-absolute-encoder-type/LEY-X8-E new_urls=2
  ✓ [ 831] pend=1588 series        ectric-actuators-cylinders/battery-less-absolute-encoder-type/LEYG_E-E new_urls=2
  ✓ [ 832] pend=1587 series        /electric-actuators-cylinders/battery-less-absolute-encoder-type/LEG-E new_urls=1
  ✓ [ 833] pend=1586 series        lectric-actuators-cylinders/battery-less-absolute-encoder-type/LES_E-E new_urls=2
  ✓ [ 834] pend=1585 series        ectric-actuators-cylinders/battery-less-absolute-encoder-type/LESH_E-E 
  ✓ [ 835] pend=1584 series        ctric-actuators-cylinders/battery-less-absolute-encoder-type/LESYH-G-E new_urls=1
  ✓ [ 836] pend=1583 series        ctric-actuators-cylinders/battery-less-absolute-encoder-type/LESYH_E-E new_urls=2
  ✓ [ 837] pend=1582 series        ectric-actuators-cylinders/battery-less-absolute-encoder-type/LEHF_E-E new_urls=2
  ✓ [ 838] pend=1581 series        lectric-actuators-cylinders/battery-less-absolute-encoder-type/LER_E-E new_urls=2
  ✓ [ 839] pend=1580 series        c-actuators-cylinders/battery-less-absolute-encoder-type/HF1-HF1A-LE-E new_urls=1
  ✓ [ 840] pend=1579 series        -actuators-cylinders/battery-less-absolute-encoder-type/HF1-HF1A-LEY-E 
  ✓ [ 841] pend=1578 series        actuators-cylinders/battery-less-absolute-encoder-type/HF1-HF1A-LEYG-E 
  ✓ [ 842] pend=1577 series        /electric-actuators-cylinders/battery-less-absolute-encoder-type/25A-E new_urls=2
  ✓ [ 843] pend=1576 series        com/webcatalog/en-jp/electric-actuators-cylinders/slider-type/LEFS_F-E new_urls=1
  ✓ [ 844] pend=1577 series        ld.com/webcatalog/en-jp/electric-actuators-cylinders/slider-type/LEF-E new_urls=4
  ✓ [ 845] pend=1577 subcategory   https://www.smcworld.com/webcatalog/en-jp/searchSite/?kw=LECS-E        new_urls=7
  ✓ [ 846] pend=1576 subcategory   https://www.smcworld.com/webcatalog/en-jp/searchSite/?kw=LECYM-LECYU-E 
  ✓ [ 847] pend=1575 series        d.com/webcatalog/en-jp/electric-actuators-cylinders/slider-type/LEFB-E 
  ✓ [ 848] pend=1574 series        d.com/webcatalog/en-jp/electric-actuators-cylinders/slider-type/LEFG-E 
  ✓ [ 849] pend=1573 series        om/webcatalog/en-jp/electric-actuators-cylinders/slider-type/11-LEFS-E new_urls=1
  ✓ [ 850] pend=1572 series        om/webcatalog/en-jp/electric-actuators-cylinders/slider-type/11-LEJS-E 
  ✓ [ 851] pend=1571 series        om/webcatalog/en-jp/electric-actuators-cylinders/slider-type/LET-X11-E new_urls=1
  ✓ [ 852] pend=1570 series        ld.com/webcatalog/en-jp/electric-actuators-cylinders/slider-type/LEJ-E 
  ✓ [ 853] pend=1569 series        m/webcatalog/en-jp/electric-actuators-cylinders/slider-type/LEJS63-M-E 
  ✓ [ 854] pend=1568 series        /webcatalog/en-jp/electric-actuators-cylinders/slider-type/LEJS-X400-E 
  ✓ [ 855] pend=1567 series        d.com/webcatalog/en-jp/electric-actuators-cylinders/slider-type/LEJB-E 
  ✓ [ 856] pend=1566 series        ld.com/webcatalog/en-jp/electric-actuators-cylinders/slider-type/LEM-E new_urls=1
  ✓ [ 857] pend=1565 series        ld.com/webcatalog/en-jp/electric-actuators-cylinders/slider-type/LEL-E new_urls=1
  ✓ [ 858] pend=1564 series        om/webcatalog/en-jp/electric-actuators-cylinders/slider-type/LEKFS-S-E new_urls=1
  ✓ [ 859] pend=1563 series        .com/webcatalog/en-jp/electric-actuators-cylinders/slider-type/LEF-S-E 
  ✓ [ 860] pend=1562 series        .com/webcatalog/en-jp/electric-actuators-cylinders/slider-type/LEJ-S-E 
  ✓ [ 861] pend=1561 series        /webcatalog/en-jp/electric-actuators-cylinders/slider-type/LET-X11-M-E 
  ✓ [ 862] pend=1560 series        webcatalog/en-jp/electric-actuators-cylinders/slider-type/LEJS63-M-S-E 
  ✓ [ 863] pend=1559 series        ebcatalog/en-jp/electric-actuators-cylinders/slider-type/LEJS-X400-S-E 
  ✓ [ 864] pend=1558 series        log/en-jp/electric-actuators-cylinders/rod-type-guide-rod-type/LEY_F-E 
  ✓ [ 865] pend=1557 series        talog/en-jp/electric-actuators-cylinders/rod-type-guide-rod-type/LEY-E 
  ✓ [ 866] pend=1557 series        log/en-jp/electric-actuators-cylinders/rod-type-guide-rod-type/LEY_D-E new_urls=1
  ✓ [ 867] pend=1556 series        alog/en-jp/electric-actuators-cylinders/rod-type-guide-rod-type/LEYG-E 
  ✓ [ 868] pend=1555 series        og/en-jp/electric-actuators-cylinders/rod-type-guide-rod-type/LEYG_D-E 
  ✓ [ 869] pend=1554 series        og/en-jp/electric-actuators-cylinders/rod-type-guide-rod-type/LEY-X7-E new_urls=1
  ✓ [ 870] pend=1553 series        og/en-jp/electric-actuators-cylinders/rod-type-guide-rod-type/LEY-X5-E 
  ✓ [ 871] pend=1552 series        /en-jp/electric-actuators-cylinders/rod-type-guide-rod-type/HF2A-LEY-E new_urls=1
  ✓ [ 872] pend=1551 series        log/en-jp/electric-actuators-cylinders/rod-type-guide-rod-type/LEY-S-E 
  ✓ [ 873] pend=1550 series        og/en-jp/electric-actuators-cylinders/rod-type-guide-rod-type/LEYG-S-E 
  ✓ [ 874] pend=1549 series        en-jp/electric-actuators-cylinders/rod-type-guide-rod-type/LEPY-LEPS-E new_urls=1
  ✓ [ 875] pend=1548 series        catalog/en-jp/electric-actuators-cylinders/electric-slide-tables/LES-E new_urls=1
  ✓ [ 876] pend=1547 series        atalog/en-jp/electric-actuators-cylinders/electric-slide-tables/LESH-E 
  ✓ [ 877] pend=1546 series        talog/en-jp/electric-actuators-cylinders/electric-slide-tables/LESYH-E new_urls=1
  ✓ [ 878] pend=1545 series        log/en-jp/electric-actuators-cylinders/electric-slide-tables/LESYH-S-E 
  ✓ [ 879] pend=1544 series        en-jp/electric-actuators-cylinders/electric-slide-tables/LEPY-LEPS-2-E 
  ✓ [ 880] pend=1543 series        atalog/en-jp/electric-actuators-cylinders/electric-rotary-tables/LER-E new_urls=1
  ✓ [ 881] pend=1542 series        /webcatalog/en-jp/electric-actuators-cylinders/electric-grippers/LEH-E new_urls=1
  ✓ [ 882] pend=1541 series        catalog/en-jp/electric-actuators-cylinders/electric-grippers/LEHZJ-Z-E 
  ✓ [ 883] pend=1540 series        webcatalog/en-jp/electric-actuators-cylinders/electric-grippers/LEHF-E 
  ✓ [ 884] pend=1539 series        webcatalog/en-jp/electric-actuators-cylinders/electric-grippers/LEHS-E 
  ✓ [ 885] pend=1538 series        uators-cylinders/electric-gripper-unit-for-collaborative-robots/LEHR-E new_urls=1
  ✓ [ 886] pend=1537 series        tors-cylinders/electric-gripper-unit-for-collaborative-robots/LEHF32-E 
  ✓ [ 887] pend=1536 series        ators-cylinders/electric-gripper-unit-for-collaborative-robots/ZXPE5-E new_urls=2
  ✓ [ 888] pend=1535 series        talog/en-jp/electric-actuators-cylinders/controllers-drivers/JXC5H6H-E new_urls=1
  ✓ [ 889] pend=1534 series        alog/en-jp/electric-actuators-cylinders/controllers-drivers/JXC51-61-E new_urls=1
  ✓ [ 890] pend=1533 series        catalog/en-jp/electric-actuators-cylinders/controllers-drivers/JXC91-E 
  ✓ [ 891] pend=1532 series        catalog/en-jp/electric-actuators-cylinders/controllers-drivers/LECPA-E new_urls=1
  ✓ [ 892] pend=1532 series        bcatalog/en-jp/electric-actuators-cylinders/controllers-drivers/LECS-E new_urls=1
  ✓ [ 893] pend=1531 series        g/en-jp/electric-actuators-cylinders/controllers-drivers/LECYM-LECYU-E 
  ✓ [ 894] pend=1530 series        alog/en-jp/electric-actuators-cylinders/controllers-drivers/JXC73-83-E 
  ✓ [ 895] pend=1529 series        g/en-jp/electric-actuators-cylinders/controllers-drivers/LECP6-LECA6-E new_urls=1
  ✓ [ 896] pend=1528 series        com/webcatalog/en-jp/electric-actuators-cylinders/teaching-box/JX-T1-E new_urls=1
  ✓ [ 897] pend=1527 series        om/webcatalog/en-jp/electric-actuators-cylinders/environment/11-LEFG-E 
  ✓ [ 898] pend=1526 series        /webcatalog/en-jp/electric-actuators-cylinders/multi-axis-system/LEA-E new_urls=1
  ✓ [ 899] pend=1525 series        jp/electric-actuators-cylinders/electric-cylinders/LZB-LDZB-LZC-LDZC-E new_urls=1
  ✓ [ 900] pend=1524 series        ebcatalog/en-jp/electric-actuators-cylinders/electric-cylinders/LC3F-E new_urls=1
  ✓ [ 901] pend=1523 series        d.com/webcatalog/en-jp/electric-actuators-cylinders/card-motors/LAT3-E new_urls=1
  ✓ [ 902] pend=1522 series        .com/webcatalog/en-jp/electric-actuators-cylinders/card-motors/LATC4-E 
  ✓ [ 903] pend=1521 series        .com/webcatalog/en-jp/electric-actuators-cylinders/made-to-order/LEB-E new_urls=1
  ✓ [ 904] pend=1520 series        talog/en-jp/vacuum-equipment/vacuum-ejectors-vacuum-generators/ZK2_A-E new_urls=1
  ✓ [ 905] pend=1519 series        catalog/en-jp/vacuum-equipment/vacuum-ejectors-vacuum-generators/ZKJ-E new_urls=1
  ✓ [ 906] pend=1518 series        bcatalog/en-jp/vacuum-equipment/vacuum-ejectors-vacuum-generators/ZB-E new_urls=2
  ✓ [ 907] pend=1517 series        atalog/en-jp/vacuum-equipment/vacuum-ejectors-vacuum-generators/ZQ_A-E new_urls=1
  ✓ [ 908] pend=1516 series        bcatalog/en-jp/vacuum-equipment/vacuum-ejectors-vacuum-generators/ZR-E new_urls=1
  ✓ [ 909] pend=1515 series        talog/en-jp/vacuum-equipment/vacuum-ejectors-vacuum-generators/ZL112-E new_urls=1
  ✓ [ 910] pend=1514 series        bcatalog/en-jp/vacuum-equipment/vacuum-ejectors-vacuum-generators/ZA-E new_urls=1
  ✓ [ 911] pend=1513 series        bcatalog/en-jp/vacuum-equipment/vacuum-ejectors-vacuum-generators/ZM-E new_urls=1
  ✓ [ 912] pend=1512 series        mcworld.com/webcatalog/en-jp/vacuum-equipment/vacuum-ejectors/ZH_DSA-E new_urls=1
  ✓ [ 913] pend=1511 series        .smcworld.com/webcatalog/en-jp/vacuum-equipment/vacuum-ejectors/ZH-X-E new_urls=1
  ✓ [ 914] pend=1510 series        .smcworld.com/webcatalog/en-jp/vacuum-equipment/vacuum-ejectors/ZU_A-E new_urls=2
  ✓ [ 915] pend=1509 series        w.smcworld.com/webcatalog/en-jp/vacuum-equipment/vacuum-ejectors/ZHP-E new_urls=1
  ✓ [ 916] pend=1508 series        ebcatalog/en-jp/vacuum-equipment/vacuum-gripper-system-foam-type/ZGS-E new_urls=1
  ✓ [ 917] pend=1507 series        cworld.com/webcatalog/en-jp/vacuum-equipment/air-suction-filters/ZFA-E new_urls=2
  ✓ [ 918] pend=1506 series        cworld.com/webcatalog/en-jp/vacuum-equipment/air-suction-filters/ZFB-E new_urls=1
  ✓ [ 919] pend=1505 series        orld.com/webcatalog/en-jp/vacuum-equipment/air-suction-filters/ZFC-1-E new_urls=1
  ✓ [ 920] pend=1504 series        cworld.com/webcatalog/en-jp/vacuum-equipment/air-suction-filters/ZFD-E new_urls=1
  ✓ [ 921] pend=1503 series        orld.com/webcatalog/en-jp/vacuum-equipment/air-suction-filters/AFJ-D-E new_urls=1
  ✓ [ 922] pend=1502 series        cworld.com/webcatalog/en-jp/vacuum-equipment/air-suction-filters/AFJ-E new_urls=1
  ✓ [ 923] pend=1501 series        rld.com/webcatalog/en-jp/vacuum-equipment/air-suction-filters/ZFC050-E new_urls=1
  ✓ [ 924] pend=1500 series        /www.smcworld.com/webcatalog/en-jp/vacuum-equipment/vacuum-pads/ZP_N-E new_urls=3
  ✓ [ 925] pend=1499 series        www.smcworld.com/webcatalog/en-jp/vacuum-equipment/vacuum-pads/ZP3_N-E new_urls=3
  ✓ [ 926] pend=1498 series        w.smcworld.com/webcatalog/en-jp/vacuum-equipment/vacuum-pads/ZP2-C_N-E new_urls=3
  ✓ [ 927] pend=1497 series        ww.smcworld.com/webcatalog/en-jp/vacuum-equipment/vacuum-pads/ZP3E_N-E new_urls=3
  ✓ [ 928] pend=1497 series        w.smcworld.com/webcatalog/en-jp/vacuum-equipment/vacuum-pads/ZP2-K_N-E new_urls=3
  ✓ [ 929] pend=1496 subcategory   https://www.smcworld.com/webcatalog/en-jp/series/ZP2-OM_N-E            new_urls=2
  ✓ [ 930] pend=1495 series        /www.smcworld.com/webcatalog/en-jp/vacuum-equipment/vacuum-pads/ZP3C-E new_urls=1
  ✓ [ 931] pend=1494 series        /www.smcworld.com/webcatalog/en-jp/vacuum-equipment/vacuum-pads/ZP3M-E new_urls=1
  ✓ [ 932] pend=1493 series        ww.smcworld.com/webcatalog/en-jp/vacuum-equipment/vacuum-pads/ZP3P_N-E new_urls=1
  ✓ [ 933] pend=1492 series        w.smcworld.com/webcatalog/en-jp/vacuum-equipment/vacuum-pads/ZP3P-JT-E new_urls=1
  ✓ [ 934] pend=1491 series        .smcworld.com/webcatalog/en-jp/vacuum-equipment/vacuum-pads/ZP3P-WJT-E new_urls=1
  ✓ [ 935] pend=1490 series        smcworld.com/webcatalog/en-jp/vacuum-equipment/vacuum-pads/HF3A-ZP3F-E new_urls=1
  ✓ [ 936] pend=1489 series        smcworld.com/webcatalog/en-jp/vacuum-equipment/vacuum-pads/ZP2-4_5_N-E new_urls=1
  ✓ [ 937] pend=1488 series        w.smcworld.com/webcatalog/en-jp/vacuum-equipment/vacuum-pads/ZP2-U_N-E new_urls=1
  ✓ [ 938] pend=1487 series        www.smcworld.com/webcatalog/en-jp/vacuum-equipment/vacuum-pads/ZP2_N-E new_urls=1
  ✓ [ 939] pend=1486 series        w.smcworld.com/webcatalog/en-jp/vacuum-equipment/vacuum-pads/ZP2-S_N-E new_urls=1
  ✓ [ 940] pend=1485 series        w.smcworld.com/webcatalog/en-jp/vacuum-equipment/vacuum-pads/ZP2-Z_N-E new_urls=1
  ✓ [ 941] pend=1484 series        .smcworld.com/webcatalog/en-jp/vacuum-equipment/vacuum-pads/ZP2-BS_N-E new_urls=1
  ✓ [ 942] pend=1483 series        smcworld.com/webcatalog/en-jp/vacuum-equipment/vacuum-pads/ZP-HS-HHN-E new_urls=1
  ✓ [ 943] pend=1482 series        .smcworld.com/webcatalog/en-jp/vacuum-equipment/vacuum-pads/ZP2-OM_N-E 
  ✓ [ 944] pend=1481 series        /www.smcworld.com/webcatalog/en-jp/vacuum-equipment/special-pads/ZNC-E new_urls=1
  ✓ [ 945] pend=1480 series        ww.smcworld.com/webcatalog/en-jp/vacuum-equipment/special-pads/ZNC-C-E new_urls=1
  ✓ [ 946] pend=1479 series        ww.smcworld.com/webcatalog/en-jp/vacuum-equipment/special-pads/XT661-E new_urls=1
  ✓ [ 947] pend=1478 series        -jp/vacuum-equipment/gripper-unit-for-collaborative-robots/ZXP-X-CRX-E 
  ✓ [ 948] pend=1477 series        n-jp/vacuum-equipment/gripper-unit-for-collaborative-robots/ZXP-X-KA-E 
  ✓ [ 949] pend=1476 series        vacuum-equipment/gripper-unit-for-collaborative-robots/ZXP-X-ASSISTA-E 
  ✓ [ 950] pend=1475 series        p/vacuum-equipment/gripper-unit-for-collaborative-robots/ZXP-X-OMRON-E 
  ✓ [ 951] pend=1474 series        g/en-jp/vacuum-equipment/gripper-unit-for-collaborative-robots/ZXP-X-E 
  ✓ [ 952] pend=1473 series        n-jp/vacuum-equipment/gripper-unit-for-collaborative-robots/ZXP-X-HC-E 
  ✓ [ 953] pend=1472 series        -jp/vacuum-equipment/gripper-unit-for-collaborative-robots/ZXP7-PFL1-E 
  ✓ [ 954] pend=1471 series        acuum-equipment/gripper-unit-for-collaborative-robots/MHM-X7400A-CRX-E 
  ✓ [ 955] pend=1470 series        m-equipment/gripper-unit-for-collaborative-robots/MHM-X7400A-ASSISTA-E 
  ✓ [ 956] pend=1469 series        vacuum-equipment/gripper-unit-for-collaborative-robots/MHM-X7400A-TM-E 
  ✓ [ 957] pend=1468 series        jp/vacuum-equipment/gripper-unit-for-collaborative-robots/MHM-X7400A-E 
  ✓ [ 958] pend=1467 series        cuum-equipment/gripper-unit-for-collaborative-robots/MHM-X7400A-HC10-E 
  ✓ [ 959] pend=1466 series        orld.com/webcatalog/en-jp/vacuum-equipment/vacuum-saving-valves/ZP2V-E new_urls=2
  ✓ [ 960] pend=1465 series        ww.smcworld.com/webcatalog/en-jp/vacuum-equipment/magnet-buffer/ZP3B-E new_urls=1
  ✓ [ 961] pend=1464 series        //www.smcworld.com/webcatalog/en-jp/vacuum-equipment/vacuum-flow/ZHV-E new_urls=1
  ✓ [ 962] pend=1463 series        mcworld.com/webcatalog/en-jp/vacuum-equipment/vacuum-flow/ZH_-_-X185-E new_urls=1
  ✓ [ 963] pend=1462 series        .smcworld.com/webcatalog/en-jp/vacuum-equipment/vacuum-flow/ZH-X2-X3-E new_urls=1
  ✓ [ 964] pend=1461 series        smcworld.com/webcatalog/en-jp/vacuum-equipment/vacuum-regulators/IRV-E new_urls=2
  ✓ [ 965] pend=1460 series        world.com/webcatalog/en-jp/vacuum-equipment/vacuum-regulators/ITV-DR-E new_urls=1
  ✓ [ 966] pend=1459 series        talog/en-jp/vacuum-equipment/related-equipment-for-vacuum-systems/SP-E new_urls=1
  ✓ [ 967] pend=1458 series        log/en-jp/vacuum-equipment/related-equipment-for-vacuum-systems/ZCUK-E new_urls=1
  ✓ [ 968] pend=1457 series        og/en-jp/vacuum-equipment/related-equipment-for-vacuum-systems/AMJ-D-E new_urls=1 pdfs_queued=1
  ✓ [ 969] pend=1456 series        alog/en-jp/vacuum-equipment/related-equipment-for-vacuum-systems/AMJ-E new_urls=1
  ✓ [ 970] pend=1455 series        alog/en-jp/vacuum-equipment/related-equipment-for-vacuum-systems/AMV-E new_urls=1
  ✓ [ 971] pend=1454 series        alog/en-jp/vacuum-equipment/related-equipment-for-vacuum-systems/SSK-E new_urls=1
  ✓ [ 972] pend=1453 series        /webcatalog/en-jp/gripper-for-collaborative-robots/air-grippers/RMMA-E new_urls=1
  ✓ [ 973] pend=1452 series        /webcatalog/en-jp/gripper-for-collaborative-robots/air-grippers/RMTA-E new_urls=1
  ✓ [ 974] pend=1451 series        /webcatalog/en-jp/gripper-for-collaborative-robots/air-grippers/RMTM-E new_urls=1
  ✓ [ 975] pend=1450 series        rld.com/webcatalog/en-jp/compact-compressors/compact-compressors/CRP-E new_urls=1
  ✓ [ 976] pend=1449 series        ebcatalog/en-jp/air-preparation-equipment/aftercoolers-air-tanks/HAA-E new_urls=1
  ✓ [ 977] pend=1448 series        ebcatalog/en-jp/air-preparation-equipment/aftercoolers-air-tanks/HAW-E new_urls=1
  ✓ [ 978] pend=1447 series        webcatalog/en-jp/air-preparation-equipment/aftercoolers-air-tanks/AT-E new_urls=1
  ✓ [ 979] pend=1446 series        bcatalog/en-jp/air-preparation-equipment/aftercoolers-air-tanks/VBAT-E new_urls=1
  ✓ [ 980] pend=1445 series        cworld.com/webcatalog/en-jp/air-preparation-equipment/air-dryers/IDF-E new_urls=2
  ✓ [ 981] pend=1444 series        .com/webcatalog/en-jp/air-preparation-equipment/air-dryers/IDF_E-F-D-E new_urls=1
  ✓ [ 982] pend=1443 series        orld.com/webcatalog/en-jp/air-preparation-equipment/air-dryers/IDU_E-E 
  ✓ [ 983] pend=1442 series        rld.com/webcatalog/en-jp/air-preparation-equipment/air-dryers/IDF-FS-E new_urls=1
  ✓ [ 984] pend=1441 series        rld.com/webcatalog/en-jp/air-preparation-equipment/air-dryers/IDFA_E-E new_urls=2
  ✓ [ 985] pend=1440 series        world.com/webcatalog/en-jp/air-preparation-equipment/air-dryers/IDFA-E 
  ✓ [ 986] pend=1439 series        rld.com/webcatalog/en-jp/air-preparation-equipment/air-dryers/IDFA_F-E 
  ✓ [ 987] pend=1438 series        world.com/webcatalog/en-jp/air-preparation-equipment/air-dryers/IDFC-E new_urls=1
  ✓ [ 988] pend=1437 series        world.com/webcatalog/en-jp/air-preparation-equipment/air-dryers/IDFB-E new_urls=1
  ✓ [ 989] pend=1436 series        d.com/webcatalog/en-jp/air-preparation-equipment/air-dryers/IDFB_E-F-E 
  ✓ [ 990] pend=1435 series        world.com/webcatalog/en-jp/air-preparation-equipment/air-dryers/IDH_-E new_urls=1
  ✓ [ 991] pend=1434 series        mcworld.com/webcatalog/en-jp/air-preparation-equipment/air-dryers/ID-E new_urls=1
  ✓ [ 992] pend=1433 series        orld.com/webcatalog/en-jp/air-preparation-equipment/air-dryers/IDG-D-E new_urls=1
  ✓ [ 993] pend=1432 series        cworld.com/webcatalog/en-jp/air-preparation-equipment/air-dryers/IDG-E new_urls=1
  ✓ [ 994] pend=1431 series        cworld.com/webcatalog/en-jp/air-preparation-equipment/air-dryers/IDK-E new_urls=1
  ✓ [ 995] pend=1430 series        alog/en-jp/air-preparation-equipment/air-preparation-filters/AFF30-D-E new_urls=2
  ✓ [ 996] pend=1429 series        atalog/en-jp/air-preparation-equipment/air-preparation-filters/AFF-D-E new_urls=1
  ✓ [ 997] pend=1428 series        bcatalog/en-jp/air-preparation-equipment/air-preparation-filters/AMG-E new_urls=1
  ✓ [ 998] pend=1427 series        bcatalog/en-jp/air-preparation-equipment/air-preparation-filters/AFF-E 
  ✓ [ 999] pend=1426 series        talog/en-jp/air-preparation-equipment/air-preparation-filters/AFF-DS-E new_urls=1
  ✓ [1000] pend=1425 series        ebcatalog/en-jp/air-preparation-equipment/air-preparation-filters/AM-E 
  ✓ [1001] pend=1424 series        bcatalog/en-jp/air-preparation-equipment/air-preparation-filters/AMD-E 
  ✓ [1002] pend=1423 series        bcatalog/en-jp/air-preparation-equipment/air-preparation-filters/AMH-E 
  ✓ [1003] pend=1422 series        bcatalog/en-jp/air-preparation-equipment/air-preparation-filters/AME-E 
  ✓ [1004] pend=1421 series        bcatalog/en-jp/air-preparation-equipment/air-preparation-filters/AMF-E 
  ✓ [1005] pend=1420 series        ebcatalog/en-jp/air-preparation-equipment/air-preparation-filters/SF-E new_urls=1
  ✓ [1006] pend=1419 series        bcatalog/en-jp/air-preparation-equipment/air-preparation-filters/SFD-E new_urls=1
  ✓ [1007] pend=1418 series        talog/en-jp/air-preparation-equipment/air-preparation-filters/HF2-BF-E new_urls=1
  ✓ [1008] pend=1417 series        catalog/en-jp/air-preparation-equipment/air-preparation-filters/SFDA-E new_urls=1
  ✓ [1009] pend=1416 series        bcatalog/en-jp/air-preparation-equipment/air-preparation-filters/LLB-E new_urls=1
  ✓ [1010] pend=1415 series        catalog/en-jp/air-preparation-equipment/air-preparation-filters/LLB1-E new_urls=1
  ✓ [1011] pend=1414 series        eparation-equipment/auto-drains-differential-pressure-gauges/AD402-A-E new_urls=1
  ✓ [1012] pend=1413 series        ir-preparation-equipment/auto-drains-differential-pressure-gauges/AD-E new_urls=1
  ✓ [1013] pend=1412 series        r-preparation-equipment/auto-drains-differential-pressure-gauges/ADH-E new_urls=1
  ✓ [1014] pend=1411 series        r-preparation-equipment/auto-drains-differential-pressure-gauges/ADM-E new_urls=1
  ✓ [1015] pend=1410 series        -preparation-equipment/auto-drains-differential-pressure-gauges/GD40-E new_urls=1
  ✓ [1016] pend=1409 series        /modular-frl-units-pressure-control-equipment/modular-frl-units/AC-D-E new_urls=4
  ✓ [1017] pend=1408 series        odular-frl-units-pressure-control-equipment/modular-frl-units/AF-D-2-E 
  ✓ [1018] pend=1407 series        modular-frl-units-pressure-control-equipment/modular-frl-units/AFM-D-E 
  ✓ [1019] pend=1406 series        modular-frl-units-pressure-control-equipment/modular-frl-units/AFD-D-E 
  ✓ [1020] pend=1405 series        /modular-frl-units-pressure-control-equipment/modular-frl-units/AR-D-E 
  ✓ [1021] pend=1404 series        odular-frl-units-pressure-control-equipment/modular-frl-units/AR_K-D-E 
  ✓ [1022] pend=1403 series        odular-frl-units-pressure-control-equipment/modular-frl-units/AR_M-D-E new_urls=1
  ✓ [1023] pend=1402 series        odular-frl-units-pressure-control-equipment/modular-frl-units/AL-D-2-E 
  ✓ [1024] pend=1401 series        /modular-frl-units-pressure-control-equipment/modular-frl-units/AW-D-E 
  ✓ [1025] pend=1400 series        odular-frl-units-pressure-control-equipment/modular-frl-units/AW_K-D-E 
  ✓ [1026] pend=1399 series        lar-frl-units-pressure-control-equipment/modular-frl-units/AWM-AWD-D-E new_urls=1
  ✓ [1027] pend=1398 series        /modular-frl-units-pressure-control-equipment/modular-frl-units/AC-A-E new_urls=1
  ✓ [1028] pend=1397 series        /modular-frl-units-pressure-control-equipment/modular-frl-units/AF-A-E new_urls=1
  ✓ [1029] pend=1396 series        modular-frl-units-pressure-control-equipment/modular-frl-units/AFM-A-E new_urls=1
  ✓ [1030] pend=1395 series        modular-frl-units-pressure-control-equipment/modular-frl-units/AFD-A-E 
  ✓ [1031] pend=1394 series        /modular-frl-units-pressure-control-equipment/modular-frl-units/AR-A-E new_urls=1
  ✓ [1032] pend=1393 series        /modular-frl-units-pressure-control-equipment/modular-frl-units/AL-A-E new_urls=1
  ✓ [1033] pend=1392 series        /modular-frl-units-pressure-control-equipment/modular-frl-units/AW-A-E new_urls=1
  ✓ [1034] pend=1391 series        rl-units-pressure-control-equipment/modular-frl-units/AR20-60-B-X425-E 
  ✓ [1035] pend=1390 series        frl-units-pressure-control-equipment/modular-frl-units/AW30-40-X2622-E new_urls=1
  ✓ [1036] pend=1389 series        modular-frl-units-pressure-control-equipment/modular-frl-units/ARG-B-E new_urls=2
  ✓ [1037] pend=1388 series        dular-frl-units-pressure-control-equipment/modular-frl-units/ARG_K-B-E 
  ✓ [1038] pend=1387 series        modular-frl-units-pressure-control-equipment/modular-frl-units/AWG-B-E new_urls=1
  ✓ [1039] pend=1386 series        dular-frl-units-pressure-control-equipment/modular-frl-units/AWG_K-B-E 
  ✓ [1040] pend=1385 series        -frl-units-pressure-control-equipment/modular-frl-units/E210-310-410-E new_urls=1
  ✓ [1041] pend=1384 series        dular-frl-units-pressure-control-equipment/modular-frl-units/VP5_VP7-E new_urls=1
  ✓ [1042] pend=1383 series        lar-frl-units-pressure-control-equipment/modular-frl-units/VP500-700-E new_urls=1
  ✓ [1043] pend=1382 series        /modular-frl-units-pressure-control-equipment/modular-frl-units/AV-A-E new_urls=1
  ✓ [1044] pend=1382 series        jp/modular-frl-units-pressure-control-equipment/modular-frl-units/AV-E new_urls=2
  ✓ [1045] pend=1381 series        /modular-frl-units-pressure-control-equipment/modular-frl-units/AF-D-E new_urls=1
  ✓ [1046] pend=1380 series        e-control-equipment/modular-connection-compatible-devices/Modular-AC-E 
  ✓ [1047] pend=1379 series        ntrol-equipment/modular-connection-compatible-devices/Modular-AR_M-D-E 
  ✓ [1048] pend=1378 series        ol-equipment/modular-connection-compatible-devices/Modular-AWM-AWD-D-E 
  ✓ [1049] pend=1377 series        trol-equipment/modular-connection-compatible-devices/Modular-PF3A7_H-E new_urls=1
  ✓ [1050] pend=1376 series        trol-equipment/modular-connection-compatible-devices/Modular-AFF30-D-E new_urls=1
  ✓ [1051] pend=1375 series        ontrol-equipment/modular-connection-compatible-devices/Modular-VHS-D-E 
  ✓ [1052] pend=1374 series        e-control-equipment/modular-connection-compatible-devices/Modular-SY-E 
  ✓ [1053] pend=1373 series        trol-equipment/modular-connection-compatible-devices/Modular-VP5_VP7-E new_urls=1
  ✓ [1054] pend=1372 series        ontrol-equipment/modular-connection-compatible-devices/Modular-VP5_7-E 
  ✓ [1055] pend=1371 series        control-equipment/modular-connection-compatible-devices/Modular-JSX2-E new_urls=1
  ✓ [1056] pend=1370 series        -jp/modular-frl-units-pressure-control-equipment/regulators/ARJ1020F-E new_urls=1
  ✓ [1057] pend=1369 series        en-jp/modular-frl-units-pressure-control-equipment/regulators/ARJ210-E new_urls=1
  ✓ [1058] pend=1368 series        en-jp/modular-frl-units-pressure-control-equipment/regulators/ARJ310-E new_urls=1
  ✓ [1059] pend=1367 series        /en-jp/modular-frl-units-pressure-control-equipment/regulators/ARM5S-E new_urls=2
  ✓ [1060] pend=1366 series        /en-jp/modular-frl-units-pressure-control-equipment/regulators/ARM10-E new_urls=1
  ✓ [1061] pend=1365 series        g/en-jp/modular-frl-units-pressure-control-equipment/regulators/AR-P-E new_urls=1
  ✓ [1062] pend=1364 series        og/en-jp/modular-frl-units-pressure-control-equipment/regulators/ARX-E new_urls=1
  ✓ [1063] pend=1363 series        og/en-jp/modular-frl-units-pressure-control-equipment/regulators/AMR-E new_urls=1
  ✓ [1064] pend=1362 series        g/en-jp/modular-frl-units-pressure-control-equipment/regulators/ARM5-E 
  ✓ [1065] pend=1361 series        -jp/modular-frl-units-pressure-control-equipment/regulators/ARM10-11-E 
  ✓ [1066] pend=1360 series        modular-frl-units-pressure-control-equipment/regulators/ARM1000-2000-E new_urls=1
  ✓ [1067] pend=1359 series        modular-frl-units-pressure-control-equipment/regulators/ARM2500-3000-E new_urls=1
  ✓ [1068] pend=1358 series        og/en-jp/modular-frl-units-pressure-control-equipment/regulators/ARP-E new_urls=1
  ✓ [1069] pend=1357 series        en-jp/modular-frl-units-pressure-control-equipment/regulators/IR1200-E new_urls=1
  ✓ [1070] pend=1356 series        en-jp/modular-frl-units-pressure-control-equipment/regulators/IR1000-E new_urls=1
  ✓ [1071] pend=1355 series        log/en-jp/modular-frl-units-pressure-control-equipment/regulators/IR-E new_urls=1
  ✓ [1072] pend=1354 series        og/en-jp/modular-frl-units-pressure-control-equipment/regulators/VEX-E new_urls=1
  ✓ [1073] pend=1353 series        og/en-jp/modular-frl-units-pressure-control-equipment/regulators/SRH-E new_urls=1
  ✓ [1074] pend=1352 series        og/en-jp/modular-frl-units-pressure-control-equipment/regulators/SRP-E new_urls=1
  ✓ [1075] pend=1351 series        og/en-jp/modular-frl-units-pressure-control-equipment/regulators/SRF-E new_urls=1
  ✓ [1076] pend=1350 series        g/en-jp/modular-frl-units-pressure-control-equipment/regulators/VCHR-E new_urls=2
  ✓ [1077] pend=1349 series        n-jp/modular-frl-units-pressure-control-equipment/regulators/WR110-X-E new_urls=2
  ✓ [1078] pend=1348 series        /en-jp/modular-frl-units-pressure-control-equipment/regulators/WF300-E new_urls=1
  ✓ [1079] pend=1347 series        /en-jp/modular-frl-units-pressure-control-equipment/regulators/AP100-E new_urls=1
  ✓ [1080] pend=1346 series        en-jp/modular-frl-units-pressure-control-equipment/regulators/AP20-D-E new_urls=1
  ✓ [1081] pend=1345 series        nits-pressure-control-equipment/electro-pneumatic-regulators/ITV1100-E new_urls=2
  ✓ [1082] pend=1344 series        -units-pressure-control-equipment/electro-pneumatic-regulators/ITV-D-E 
  ✓ [1083] pend=1343 series        units-pressure-control-equipment/electro-pneumatic-regulators/IITV23-E new_urls=1
  ✓ [1084] pend=1342 series        frl-units-pressure-control-equipment/electro-pneumatic-regulators/IC-E new_urls=1
  ✓ [1085] pend=1341 series        l-units-pressure-control-equipment/electro-pneumatic-regulators/ITVX-E new_urls=1
  ✓ [1086] pend=1340 series        l-units-pressure-control-equipment/electro-pneumatic-regulators/ITVH-E new_urls=1
  ✓ [1087] pend=1339 series        -frl-units-pressure-control-equipment/proportional-control-valve/JSP-E new_urls=1
  ✓ [1088] pend=1338 series        modular-frl-units-pressure-control-equipment/proportional-valves/PVQ-E new_urls=1
  ✓ [1089] pend=1337 series        modular-frl-units-pressure-control-equipment/proportional-valves/VY1-E new_urls=1
  ✓ [1090] pend=1336 series        lar-frl-units-pressure-control-equipment/proportional-valves/VEF-VEP-E new_urls=1
  ✓ [1091] pend=1335 series        modular-frl-units-pressure-control-equipment/proportional-valves/VER-E new_urls=1
  ✓ [1092] pend=1334 series        modular-frl-units-pressure-control-equipment/proportional-valves/VEA-E new_urls=1
  ✓ [1093] pend=1333 series        modular-frl-units-pressure-control-equipment/booster-regulators/VBAE-E new_urls=2
  ✓ [1094] pend=1332 series        ar-frl-units-pressure-control-equipment/booster-regulators/VBA-X3239-E new_urls=1
  ✓ [1095] pend=1331 series        /modular-frl-units-pressure-control-equipment/booster-regulators/VBA-E 
  ✓ [1096] pend=1330 series        dular-frl-units-pressure-control-equipment/air-management-system/NMG-E new_urls=1
  ✓ [1097] pend=1329 series        ar-frl-units/air-filters-mist-separators-micro-mist-separators/AFG-D-E new_urls=1
  ✓ [1098] pend=1328 series        catalog/en-jp/modular-frl-units/pressure-relief-3-port-valves/VPX400-E new_urls=1
  ✓ [1099] pend=1327 series        ular-frl-units/modular-connection-compatible-devices/Modular-ITV1100-E 
  ✓ [1100] pend=1326 series        -jp/pressure-control-equipment/electro-pneumatic-regulators/ITVX2030-E new_urls=1
  ✓ [1101] pend=1325 series        orld.com/webcatalog/en-jp/booster-regulators/booster-regulators/VBAF-E new_urls=1
  ✓ [1102] pend=1324 series        om/webcatalog/en-jp/lubrication-equipment/lubrication-equipment/AL-D-E new_urls=2
  ✓ [1103] pend=1323 series        webcatalog/en-jp/lubrication-equipment/lubrication-equipment/ALF-ALT-E new_urls=1
  ✓ [1104] pend=1322 series        com/webcatalog/en-jp/lubrication-equipment/lubrication-equipment/ALD-E new_urls=1
  ✓ [1105] pend=1321 series        com/webcatalog/en-jp/lubrication-equipment/lubrication-equipment/ALB-E new_urls=1
  ✓ [1106] pend=1320 series        com/webcatalog/en-jp/lubrication-equipment/lubrication-equipment/LMU-E new_urls=1
  ✓ [1107] pend=1319 series        om/webcatalog/en-jp/lubrication-equipment/lubrication-equipment/ALIP-E new_urls=1
  ✓ [1108] pend=1318 series        /webcatalog/en-jp/lubrication-equipment/lubrication-equipment/AEP100-E new_urls=1
  ✓ [1109] pend=1317 series        /webcatalog/en-jp/lubrication-equipment/lubrication-equipment/HEP500-E new_urls=1
  ✓ [1110] pend=1316 series        /www.smcworld.com/webcatalog/en-jp/gas-generator/gas-generator/IN778-E new_urls=1
  ✓ [1111] pend=1315 series        bcatalog/en-jp/fittings-and-tubing/fittings-for-general-purposes/KQ2-E new_urls=2
  ✓ [1112] pend=1314 series        catalog/en-jp/fittings-and-tubing/fittings-for-general-purposes/KQB2-E new_urls=1
  ✓ [1113] pend=1313 series        atalog/en-jp/fittings-and-tubing/fittings-for-general-purposes/KS-KX-E new_urls=1
  ✓ [1114] pend=1312 series        ebcatalog/en-jp/fittings-and-tubing/fittings-for-general-purposes/KS-E new_urls=1
  ✓ [1115] pend=1311 series        ebcatalog/en-jp/fittings-and-tubing/fittings-for-general-purposes/KM-E new_urls=1
  ✓ [1116] pend=1310 series        ebcatalog/en-jp/fittings-and-tubing/fittings-for-general-purposes/KF-E new_urls=1
  ✓ [1117] pend=1309 series        webcatalog/en-jp/fittings-and-tubing/fittings-for-general-purposes/M-E new_urls=1
  ✓ [1118] pend=1308 series        og/en-jp/fittings-and-tubing/fittings-for-general-purposes/H-DL-L-LL-E new_urls=1
  ✓ [1119] pend=1307 series        ebcatalog/en-jp/fittings-and-tubing/fittings-for-general-purposes/KC-E new_urls=1
  ✓ [1120] pend=1306 series        bcatalog/en-jp/fittings-and-tubing/fittings-for-general-purposes/MQR-E new_urls=1
  ✓ [1121] pend=1305 series        log/en-jp/fittings-and-tubing/fittings-for-general-purposes/MQR-X229-E new_urls=1
  ✓ [1122] pend=1304 series        catalog/en-jp/fittings-and-tubing/s-couplers-multi-connectors/KK-KKH-E new_urls=1
  ✓ [1123] pend=1303 series        bcatalog/en-jp/fittings-and-tubing/s-couplers-multi-connectors/KK130-E new_urls=1
  ✓ [1124] pend=1302 series        /webcatalog/en-jp/fittings-and-tubing/s-couplers-multi-connectors/DM-E new_urls=1
  ✓ [1125] pend=1301 series        webcatalog/en-jp/fittings-and-tubing/s-couplers-multi-connectors/DMK-E new_urls=1
  ✓ [1126] pend=1300 series        webcatalog/en-jp/fittings-and-tubing/s-couplers-multi-connectors/KDM-E new_urls=1
  ✓ [1127] pend=1299 series        /webcatalog/en-jp/fittings-and-tubing/s-couplers-multi-connectors/KB-E new_urls=1
  ✓ [1128] pend=1298 series        og/en-jp/fittings-and-tubing/fittings-for-special-environments/KR-W2-E new_urls=1
  ✓ [1129] pend=1297 series        alog/en-jp/fittings-and-tubing/fittings-for-special-environments/KRM-E new_urls=1
  ✓ [1130] pend=1296 series        talog/en-jp/fittings-and-tubing/fittings-for-special-environments/KA-E new_urls=1
  ✓ [1131] pend=1295 series        log/en-jp/fittings-and-tubing/fittings-for-special-environments/KQG2-E new_urls=1
  ✓ [1132] pend=1294 series        log/en-jp/fittings-and-tubing/fittings-for-special-environments/KQ2G-E new_urls=1
  ✓ [1133] pend=1293 series        talog/en-jp/fittings-and-tubing/fittings-for-special-environments/KG-E new_urls=1
  ✓ [1134] pend=1292 series        log/en-jp/fittings-and-tubing/fittings-for-special-environments/KFG2-E new_urls=1
  ✓ [1135] pend=1291 series        talog/en-jp/fittings-and-tubing/fittings-for-special-environments/MS-E new_urls=1
  ✓ [1136] pend=1290 series        alog/en-jp/fittings-and-tubing/fittings-for-special-environments/KKA-E new_urls=1
  ✓ [1137] pend=1289 series        -jp/fittings-and-tubing/fittings-for-special-environments/KFG2-E-C-F-E new_urls=1
  ✓ [1138] pend=1288 series        en-jp/fittings-and-tubing/fittings-for-special-environments/KQ-X1744-E new_urls=2
  ✓ [1139] pend=1287 series        orld.com/webcatalog/en-jp/fittings-and-tubing/clean-fluoropolymer/KP-E new_urls=1
  ✓ [1140] pend=1286 series        com/webcatalog/en-jp/fittings-and-tubing/clean-fluoropolymer/KPQ-KPG-E 
  ✓ [1141] pend=1285 series        orld.com/webcatalog/en-jp/fittings-and-tubing/clean-fluoropolymer/KY-E new_urls=1
  ✓ [1142] pend=1284 series        rld.com/webcatalog/en-jp/fittings-and-tubing/clean-fluoropolymer/LQ1-E new_urls=1
  ✓ [1143] pend=1283 series        rld.com/webcatalog/en-jp/fittings-and-tubing/clean-fluoropolymer/LQ3-E 
  ✓ [1144] pend=1282 series        ld.com/webcatalog/en-jp/fittings-and-tubing/clean-fluoropolymer/LQHB-E 
  ✓ [1145] pend=1281 series        ps://www.smcworld.com/webcatalog/en-jp/fittings-and-tubing/tubings/T-E new_urls=2
  ✓ [1146] pend=1280 series        s://www.smcworld.com/webcatalog/en-jp/fittings-and-tubing/tubings/TS-E new_urls=1
  ✓ [1147] pend=1279 series        www.smcworld.com/webcatalog/en-jp/fittings-and-tubing/tubings/TX-TIX-E new_urls=2
  ✓ [1148] pend=1278 series        s://www.smcworld.com/webcatalog/en-jp/fittings-and-tubing/tubings/TU-E new_urls=1
  ✓ [1149] pend=1277 series        ww.smcworld.com/webcatalog/en-jp/fittings-and-tubing/tubings/TU-TS-T-E new_urls=1
  ✓ [1150] pend=1276 series        ww.smcworld.com/webcatalog/en-jp/fittings-and-tubing/tubings/TU-X214-E new_urls=1
  ✓ [1151] pend=1275 series        //www.smcworld.com/webcatalog/en-jp/fittings-and-tubing/tubings/TU-2-E new_urls=1
  ✓ [1152] pend=1274 series        ://www.smcworld.com/webcatalog/en-jp/fittings-and-tubing/tubings/TUS-E new_urls=1
  ✓ [1153] pend=1273 series        /www.smcworld.com/webcatalog/en-jp/fittings-and-tubing/tubings/TUS-2-E new_urls=1
  ✓ [1154] pend=1272 series        ://www.smcworld.com/webcatalog/en-jp/fittings-and-tubing/tubings/TUH-E new_urls=1
  ✓ [1155] pend=1271 series        ://www.smcworld.com/webcatalog/en-jp/fittings-and-tubing/tubings/TUZ-E new_urls=1
  ✓ [1156] pend=1270 series        //www.smcworld.com/webcatalog/en-jp/fittings-and-tubing/tubings/TUZC-E new_urls=2
  ✓ [1157] pend=1269 series        /www.smcworld.com/webcatalog/en-jp/fittings-and-tubing/tubings/TUZ-2-E new_urls=1
  ✓ [1158] pend=1268 series        ://www.smcworld.com/webcatalog/en-jp/fittings-and-tubing/tubings/TCU-E new_urls=1
  ✓ [1159] pend=1267 series        ://www.smcworld.com/webcatalog/en-jp/fittings-and-tubing/tubings/TFU-E new_urls=1
  ✓ [1160] pend=1266 series        //www.smcworld.com/webcatalog/en-jp/fittings-and-tubing/tubings/TU-X-E new_urls=1
  ✓ [1161] pend=1265 series        ww.smcworld.com/webcatalog/en-jp/fittings-and-tubing/tubings/HF2B-TU-E new_urls=1
  ✓ [1162] pend=1264 series        atalog/en-jp/fittings-and-tubing/tubing-for-special-environments/TRS-E new_urls=2
  ✓ [1163] pend=1263 series        atalog/en-jp/fittings-and-tubing/tubing-for-special-environments/TRB-E new_urls=1
  ✓ [1164] pend=1262 series        talog/en-jp/fittings-and-tubing/tubing-for-special-environments/TRBU-E new_urls=1
  ✓ [1165] pend=1261 series        /en-jp/fittings-and-tubing/tubing-for-special-environments/TRBU-X259-E new_urls=1
  ✓ [1166] pend=1260 series        atalog/en-jp/fittings-and-tubing/tubing-for-special-environments/TKS-E new_urls=1
  ✓ [1167] pend=1259 series        talog/en-jp/fittings-and-tubing/tubing-for-special-environments/TRTU-E new_urls=1
  ✓ [1168] pend=1258 series        atalog/en-jp/fittings-and-tubing/tubing-for-special-environments/TAS-E new_urls=1
  ✓ [1169] pend=1257 series        atalog/en-jp/fittings-and-tubing/tubing-for-special-environments/TAU-E 
  ✓ [1170] pend=1256 series        com/webcatalog/en-jp/fittings-and-tubing/fluoropolymer-tubing/TL-TIL-E new_urls=1
  ✓ [1171] pend=1255 series        m/webcatalog/en-jp/fittings-and-tubing/fluoropolymer-tubing/TLM-TILM-E 
  ✓ [1172] pend=1254 series        com/webcatalog/en-jp/fittings-and-tubing/fluoropolymer-tubing/TH-TIH-E new_urls=1
  ✓ [1173] pend=1253 series        com/webcatalog/en-jp/fittings-and-tubing/fluoropolymer-tubing/TD-TID-E 
  ✓ [1174] pend=1252 series        rld.com/webcatalog/en-jp/fittings-and-tubing/fluoropolymer-tubing/TQ-E new_urls=1
  ✓ [1175] pend=1251 series        ld.com/webcatalog/en-jp/fittings-and-tubing/fluoropolymer-tubing/TUE-E new_urls=1
  ✓ [1176] pend=1250 series        ld.com/webcatalog/en-jp/fittings-and-tubing/fluoropolymer-tubing/TUL-E new_urls=1
  ✓ [1177] pend=1249 series        d.com/webcatalog/en-jp/fittings-and-tubing/fluoropolymer-tubing/TU-C-E new_urls=1
  ✓ [1178] pend=1248 series        .com/webcatalog/en-jp/fittings-and-tubing/fluoropolymer-tubing/TCU-C-E 
  ✓ [1179] pend=1247 series        .com/webcatalog/en-jp/fittings-and-tubing/fluoropolymer-tubing/TFU-C-E 
  ✓ [1180] pend=1246 series        ld.com/webcatalog/en-jp/fittings-and-tubing/fluoropolymer-tubing/TPH-E new_urls=1
  ✓ [1181] pend=1245 series        ld.com/webcatalog/en-jp/fittings-and-tubing/fluoropolymer-tubing/TPS-E new_urls=1
  ✓ [1182] pend=1244 series        mcworld.com/webcatalog/en-jp/fittings-and-tubing/related-products/TM-E new_urls=1
  ✓ [1183] pend=1243 series        cworld.com/webcatalog/en-jp/fittings-and-tubing/related-products/TMA-E new_urls=1
  ✓ [1184] pend=1242 series        mcworld.com/webcatalog/en-jp/fittings-and-tubing/related-products/TK-E new_urls=2
  ✓ [1185] pend=1241 series        mcworld.com/webcatalog/en-jp/fittings-and-tubing/related-products/TG-E new_urls=1
  ✓ [1186] pend=1240 series        rld.com/webcatalog/en-jp/fittings-and-tubing/related-products/TB-TBR-E new_urls=1
  ✓ [1187] pend=1239 series        rld.com/webcatalog/en-jp/fittings-and-tubing/related-products/TJ-TJG-E new_urls=1
  ✓ [1188] pend=1238 series        /en-jp/flow-control-equipment-speed-controllers/general-purposes/AS1-E new_urls=2
  ✓ [1189] pend=1237 series        /en-jp/flow-control-equipment-speed-controllers/general-purposes/JAS-E new_urls=1
  ✓ [1190] pend=1236 series        n-jp/flow-control-equipment-speed-controllers/general-purposes/JAS-S-E new_urls=1
  ✓ [1191] pend=1235 series        n-jp/flow-control-equipment-speed-controllers/general-purposes/AS-FS-E new_urls=1
  ✓ [1192] pend=1234 series        en-jp/flow-control-equipment-speed-controllers/general-purposes/AS-E-E new_urls=1
  ✓ [1193] pend=1233 series        en-jp/flow-control-equipment-speed-controllers/general-purposes/AS-P-E new_urls=1
  ✓ [1194] pend=1233 series        jp/flow-control-equipment-speed-controllers/general-purposes/AS-F-FG-E new_urls=3
  ✓ [1195] pend=1232 series        en-jp/flow-control-equipment-speed-controllers/general-purposes/AS-I-E new_urls=1
  ✓ [1196] pend=1231 series        p/flow-control-equipment-speed-controllers/general-purposes/AS-FS-IN-E new_urls=1
  ✓ [1197] pend=1230 series        -jp/flow-control-equipment-speed-controllers/general-purposes/AS-FSA-E new_urls=1
  ✓ [1198] pend=1229 series        p/flow-control-equipment-speed-controllers/general-purposes/AS-FSA-U-E new_urls=1
  ✓ [1199] pend=1228 series        n-jp/flow-control-equipment-speed-controllers/general-purposes/AS-IP-E new_urls=1
  ✓ [1200] pend=1227 series        -jp/flow-control-equipment-speed-controllers/general-purposes/AS-F-U-E new_urls=1
  ✓ [1201] pend=1226 series        jp/flow-control-equipment-speed-controllers/general-purposes/AS-FS-U-E new_urls=1
  ✓ [1202] pend=1225 series        en-jp/flow-control-equipment-speed-controllers/general-purposes/AS-U-E new_urls=1
  ✓ [1203] pend=1224 series        n-jp/flow-control-equipment-speed-controllers/general-purposes/ASD-A-E new_urls=1
  ✓ [1204] pend=1223 series        /en-jp/flow-control-equipment-speed-controllers/general-purposes/ASD-E new_urls=1
  ✓ [1205] pend=1222 series        /en-jp/flow-control-equipment-speed-controllers/general-purposes/ASB-E new_urls=1
  ✓ [1206] pend=1221 series        en-jp/flow-control-equipment-speed-controllers/general-purposes/ASBL-E new_urls=1
  ✓ [1207] pend=1220 series        n-jp/flow-control-equipment-speed-controllers/general-purposes/AS-KE-E new_urls=1
  ✓ [1208] pend=1219 series        n-jp/flow-control-equipment-speed-controllers/general-purposes/AS-IL-E new_urls=1
  ✓ [1209] pend=1218 series        en-jp/flow-control-equipment-speed-controllers/general-purposes/AS-D-E new_urls=1
  ✓ [1210] pend=1217 series        -jp/flow-control-equipment-speed-controllers/general-purposes/AS-ILP-E new_urls=1
  ✓ [1211] pend=1216 series        p/flow-control-equipment-speed-controllers/low-speed-control/AS-FSMA-E new_urls=1
  ✓ [1212] pend=1215 series        p/flow-control-equipment-speed-controllers/low-speed-control/JAS-SML-E new_urls=1
  ✓ [1213] pend=1214 series        /flow-control-equipment-speed-controllers/low-speed-control/AS-FM_FC-E new_urls=1
  ✓ [1214] pend=1213 series        n-jp/flow-control-equipment-speed-controllers/low-speed-control/AS-T-E new_urls=1
  ✓ [1215] pend=1212 series        low-control-equipment-speed-controllers/special-environments/AS-FG-2-E new_urls=1
  ✓ [1216] pend=1211 series        flow-control-equipment-speed-controllers/special-environments/AS-FSG-E new_urls=1
  ✓ [1217] pend=1210 series        ow-control-equipment-speed-controllers/special-environments/AS-FG-IN-E new_urls=1
  ✓ [1218] pend=1209 series        w-control-equipment-speed-controllers/special-environments/AS-FSG-IN-E new_urls=1
  ✓ [1219] pend=1208 series        p/flow-control-equipment-speed-controllers/special-environments/AS-S-E new_urls=1
  ✓ [1220] pend=1207 series        /flow-control-equipment-speed-controllers/special-environments/ASG-Z-E new_urls=1
  ✓ [1221] pend=1206 series        jp/flow-control-equipment-speed-controllers/special-environments/ASG-E new_urls=1
  ✓ [1222] pend=1205 series        flow-control-equipment-speed-controllers/special-environments/ASG-in-E new_urls=1
  ✓ [1223] pend=1204 series        ow-control-equipment-speed-controllers/special-environments/HF2A-ASG-E new_urls=1
  ✓ [1224] pend=1203 series        ow-control-equipment-speed-controllers/special-environments/HF2B-ASG-E new_urls=1
  ✓ [1225] pend=1202 series        p/flow-control-equipment-speed-controllers/special-environments/AS-N-E new_urls=1
  ✓ [1226] pend=1201 series        low-control-equipment-speed-controllers/special-environments/AS-X900-E new_urls=1
  ✓ [1227] pend=1200 series        p/flow-control-equipment-speed-controllers/special-environments/AS-K-E new_urls=1
  ✓ [1228] pend=1199 series        flow-control-equipment-speed-controllers/special-environments/AS-W2D-E new_urls=1
  ✓ [1229] pend=1198 series        low-control-equipment-speed-controllers/special-environments/AS-X737-E new_urls=1
  ✓ [1230] pend=1197 series        -control-equipment-speed-controllers/special-environments/AS-FPQ-FPG-E new_urls=1
  ✓ [1231] pend=1196 series        flow-control-equipment-speed-controllers/with-special-functions/AS-Z-E new_urls=1
  ✓ [1232] pend=1195 series        low-control-equipment-speed-controllers/with-special-functions/ASP-S-E new_urls=1
  ✓ [1233] pend=1194 series        low-control-equipment-speed-controllers/with-special-functions/ASP-U-E new_urls=1
  ✓ [1234] pend=1193 series        /flow-control-equipment-speed-controllers/with-special-functions/ASP-E new_urls=1
  ✓ [1235] pend=1192 series        flow-control-equipment-speed-controllers/with-special-functions/JASV-E new_urls=1
  ✓ [1236] pend=1191 series        /flow-control-equipment-speed-controllers/with-special-functions/ASV-E new_urls=1
  ✓ [1237] pend=1190 series        /flow-control-equipment-speed-controllers/with-special-functions/DAS-E new_urls=1
  ✓ [1238] pend=1189 series        jp/flow-control-equipment-speed-controllers/tool-operation-type/AS-M-E new_urls=1
  ✓ [1239] pend=1188 series        p/flow-control-equipment-speed-controllers/tool-operation-type/ASB-D-E new_urls=1
  ✓ [1240] pend=1187 series        p/flow-control-equipment-speed-controllers/tool-operation-type/ASB-H-E new_urls=1
  ✓ [1241] pend=1186 series        p/flow-control-equipment-speed-controllers/tool-operation-type/AS-TP-E new_urls=1
  ✓ [1242] pend=1185 series        controllers/air-saving-speed-controllers-air-saving-valves/AS-R-AS-Q-E new_urls=1
  ✓ [1243] pend=1184 series        d-controllers/air-saving-speed-controllers-air-saving-valves/ASR-ASQ-E new_urls=1
  ✓ [1244] pend=1183 series        p/flow-control-equipment-speed-controllers/remote-control-valve/PFES-E new_urls=1
  ✓ [1245] pend=1182 series        en-jp/flow-control-equipment-speed-controllers/related-equipment/TMH-E new_urls=1
  ✓ [1246] pend=1181 series        en-jp/flow-control-equipment-speed-controllers/related-equipment/KE_-E new_urls=1
  ✓ [1247] pend=1180 series        p/flow-control-equipment-speed-controllers/related-equipment/AS-X214-E 
  ✓ [1248] pend=1179 series        jp/flow-control-equipment-speed-controllers/related-equipment/ASN2-A-E new_urls=1
  ✓ [1249] pend=1178 series        n-jp/flow-control-equipment-speed-controllers/related-equipment/ASN2-E new_urls=1
  ✓ [1250] pend=1177 series        jp/flow-control-equipment-speed-controllers/related-equipment/AS-DPX-E new_urls=1
  ✓ [1251] pend=1176 series        /en-jp/flow-control-equipment-speed-controllers/related-equipment/AQ-E new_urls=1
  ✓ [1252] pend=1175 series        en-jp/flow-control-equipment-speed-controllers/related-equipment/AKP-E new_urls=1
  ✓ [1253] pend=1174 series        p/flow-control-equipment-speed-controllers/related-equipment/AS-X785-E new_urls=1
  ✓ [1254] pend=1173 series        /en-jp/flow-control-equipment-speed-controllers/related-equipment/AK-E new_urls=1
  ✓ [1255] pend=1172 series        jp/flow-control-equipment-speed-controllers/related-equipment/AK-DPY-E new_urls=1
  ✓ [1256] pend=1171 series        jp/flow-control-equipment-speed-controllers/related-equipment/VCHC40-E new_urls=1
  ✓ [1257] pend=1170 series        en-jp/flow-control-equipment-speed-controllers/related-equipment/ASS-E new_urls=1
  ✓ [1258] pend=1169 series        jp/silencers-exhaust-cleaners-blow-guns-pressure-gauges/silencers/AN-E new_urls=2
  ✓ [1259] pend=1168 series        silencers-exhaust-cleaners-blow-guns-pressure-gauges/silencers/AN-SS-E 
  ✓ [1260] pend=1167 series        /silencers-exhaust-cleaners-blow-guns-pressure-gauges/silencers/AN-S-E 
  ✓ [1261] pend=1166 series        /silencers-exhaust-cleaners-blow-guns-pressure-gauges/silencers/VCHN-E new_urls=1
  ✓ [1262] pend=1165 series        cers-exhaust-cleaners-blow-guns-pressure-gauges/exhaust-cleaners/AMC-E new_urls=1
  ✓ [1263] pend=1164 series        rs-exhaust-cleaners-blow-guns-pressure-gauges/exhaust-cleaners/AMV-S-E new_urls=1
  ✓ [1264] pend=1163 series        cers-exhaust-cleaners-blow-guns-pressure-gauges/exhaust-cleaners/AMP-E new_urls=1
  ✓ [1265] pend=1162 series        cers-exhaust-cleaners-blow-guns-pressure-gauges/exhaust-cleaners/SFE-E new_urls=1
  ✓ [1266] pend=1161 series        encers-exhaust-cleaners-blow-guns-pressure-gauges/pressure-gauges/G_-E new_urls=4
  ✓ [1267] pend=1160 series        cers-exhaust-cleaners-blow-guns-pressure-gauges/pressure-gauges/G46E-E new_urls=1
  ✓ [1268] pend=1159 series        ncers-exhaust-cleaners-blow-guns-pressure-gauges/pressure-gauges/G49-E new_urls=1
  ✓ [1269] pend=1158 series        exhaust-cleaners-blow-guns-pressure-gauges/pressure-gauges/G46-SRA-B-E new_urls=1
  ✓ [1270] pend=1157 series        cers-exhaust-cleaners-blow-guns-pressure-gauges/pressure-gauges/GP46-E new_urls=1
  ✓ [1271] pend=1156 series        cers-exhaust-cleaners-blow-guns-pressure-gauges/pressure-gauges/GZ46-E new_urls=1
  ✓ [1272] pend=1155 series        ncers-exhaust-cleaners-blow-guns-pressure-gauges/pressure-gauges/PPA-E new_urls=1
  ✓ [1273] pend=1154 series        com/webcatalog/en-jp/air-blowing-equipment/air-blowing-equipment/KNA-E new_urls=1
  ✓ [1274] pend=1153 series        om/webcatalog/en-jp/air-blowing-equipment/air-blowing-equipment/KN-V-E new_urls=1
  ✓ [1275] pend=1152 series        /webcatalog/en-jp/air-blowing-equipment/air-blowing-equipment/IN-225-E new_urls=1
  ✓ [1276] pend=1151 series        .com/webcatalog/en-jp/air-blowing-equipment/air-blowing-equipment/PU-E new_urls=1
  ✓ [1277] pend=1150 series        com/webcatalog/en-jp/air-blowing-equipment/air-blowing-equipment/IBV-E new_urls=1
  ✓ [1278] pend=1149 series        webcatalog/en-jp/air-blowing-equipment/air-blowing-equipment/AXTS040-E new_urls=1
  ✓ [1279] pend=1148 series        om/webcatalog/en-jp/air-blowing-equipment/air-blowing-equipment/AXTS-E new_urls=1
  ✓ [1280] pend=1147 series        ctronic-pressure-switches-sensors-self-contained-type/ZSE20(F)-ISE20-E new_urls=1
  ✓ [1281] pend=1146 series        ctronic-pressure-switches-sensors-self-contained-type/ZSE10(F)-ISE10-E new_urls=1
  ✓ [1282] pend=1145 series        electronic-pressure-switches-sensors-self-contained-type/ISE70-71-L2-E new_urls=1
  ✓ [1283] pend=1144 series        ronic-pressure-switches-sensors-self-contained-type/PS1000-1100-1200-E new_urls=1
  ✓ [1284] pend=1143 series        rs/electronic-pressure-switches-sensors-self-contained-type/ZSE-ISE1-E new_urls=1
  ✓ [1285] pend=1142 series        rs/electronic-pressure-switches-sensors-self-contained-type/ZSE-ISE2-E new_urls=1
  ✓ [1286] pend=1141 series        ollers/electronic-pressure-switches-sensors-self-contained-type/ISA3-E new_urls=1
  ✓ [1287] pend=1140 series        lers/electronic-pressure-switches-sensors-self-contained-type/ISA3-L-E new_urls=1
  ✓ [1288] pend=1139 series        llers/electronic-pressure-switches-sensors-self-contained-type/ISE35-E new_urls=1
  ✓ [1289] pend=1138 series        -controllers/electronic-pressure-switches-sensors-remote-type/PSE53_-E new_urls=1
  ✓ [1290] pend=1137 series        -controllers/electronic-pressure-switches-sensors-remote-type/PSE54_-E 
  ✓ [1291] pend=1136 series        -controllers/electronic-pressure-switches-sensors-remote-type/PSE55_-E 
  ✓ [1292] pend=1135 series        -controllers/electronic-pressure-switches-sensors-remote-type/PSE56_-E 
  ✓ [1293] pend=1134 series        -controllers/electronic-pressure-switches-sensors-remote-type/PSE57_-E 
  ✓ [1294] pend=1133 series        controllers/electronic-pressure-switches-sensors-remote-type/PSE200A-E new_urls=1
  ✓ [1295] pend=1132 series        controllers/electronic-pressure-switches-sensors-remote-type/PSE300A-E new_urls=1
  ✓ [1296] pend=1131 series        -controllers/electronic-pressure-switches-sensors-remote-type/PSE300-E new_urls=1
  ✓ [1297] pend=1130 series        ontrollers/electronic-pressure-switches-sensors-remote-type/PSE300AC-E new_urls=1
  ✓ [1298] pend=1129 series        en-jp/switches-sensors-controllers/mechanical-pressure-switches/IS10-E new_urls=1
  ✓ [1299] pend=1128 series        -jp/switches-sensors-controllers/mechanical-pressure-switches/IS3000-E new_urls=1
  ✓ [1300] pend=1127 series        /en-jp/switches-sensors-controllers/mechanical-pressure-switches/ISG-E new_urls=1
  ✓ [1301] pend=1126 series        en-jp/switches-sensors-controllers/mechanical-pressure-switches/ZSM1-E new_urls=1
  ✓ [1302] pend=1125 series        /switches-sensors-controllers/electronic-flow-switches-sensors/PF2M7-E new_urls=1
  ✓ [1303] pend=1125 series        jp/switches-sensors-controllers/electronic-flow-switches-sensors/PFM-E new_urls=2
  ✓ [1304] pend=1124 series        p/switches-sensors-controllers/electronic-flow-switches-sensors/PFMB-E new_urls=1
  ✓ [1305] pend=1123 series        switches-sensors-controllers/electronic-flow-switches-sensors/PF2MC7-E new_urls=1
  ✓ [1306] pend=1122 series        witches-sensors-controllers/electronic-flow-switches-sensors/PF3A7_H-E 
  ✓ [1307] pend=1121 series        switches-sensors-controllers/electronic-flow-switches-sensors/PFG200-E new_urls=1
  ✓ [1308] pend=1120 series        switches-sensors-controllers/electronic-flow-switches-sensors/PFG300-E new_urls=1
  ✓ [1309] pend=1119 series        p/switches-sensors-controllers/electronic-flow-switches-sensors/PFMV-E new_urls=1
  ✓ [1310] pend=1118 series        p/switches-sensors-controllers/electronic-flow-switches-sensors/PF2A-E new_urls=1
  ✓ [1311] pend=1117 series        itches-sensors-controllers/electronic-flow-switches-sensors/PF3W-Z-L-E new_urls=1
  ✓ [1312] pend=1116 series        /switches-sensors-controllers/electronic-flow-switches-sensors/PF3WB-E new_urls=1
  ✓ [1313] pend=1115 series        /switches-sensors-controllers/electronic-flow-switches-sensors/PF3W1-E new_urls=1
  ✓ [1314] pend=1114 series        switches-sensors-controllers/electronic-flow-switches-sensors/PF3W-E-E 
  ✓ [1315] pend=1113 series        jp/switches-sensors-controllers/electronic-flow-switches-sensors/LFE-E new_urls=1
  ✓ [1316] pend=1112 series        p/switches-sensors-controllers/electronic-flow-switches-sensors/PF2W-E new_urls=1
  ✓ [1317] pend=1111 series        p/switches-sensors-controllers/electronic-flow-switches-sensors/PF2D-E new_urls=1
  ✓ [1318] pend=1110 series        og/en-jp/switches-sensors-controllers/clamp-on-type-flow-sensor/PFUW-E new_urls=1
  ✓ [1319] pend=1109 series        log/en-jp/switches-sensors-controllers/mechanical-flow-switches/IFW5-E new_urls=1
  ✓ [1320] pend=1108 series        alog/en-jp/switches-sensors-controllers/mechanical-flow-switches/IF3-E new_urls=1
  ✓ [1321] pend=1107 series        webcatalog/en-jp/switches-sensors-controllers/flow-controllers/PFCA7-E new_urls=1
  ✓ [1322] pend=1106 series        /webcatalog/en-jp/switches-sensors-controllers/flow-controllers/PFCQ-E new_urls=1
  ✓ [1323] pend=1105 series        webcatalog/en-jp/switches-sensors-controllers/flow-controllers/IN502-E new_urls=1
  ✓ [1324] pend=1104 series        /webcatalog/en-jp/switches-sensors-controllers/flow-controllers/FC3W-E new_urls=1
  ✓ [1325] pend=1103 series        atalog/en-jp/switches-sensors-controllers/flow-controllers/FC2W-X110-E new_urls=1
  ✓ [1326] pend=1102 series        sensors-controllers/electronic-temperature-and-humidity-switches/PSH-E new_urls=4
  ✓ [1327] pend=1101 series        log/en-jp/static-neutralization-equipment-ionizers/ionizer-bar/IZS51-E new_urls=1
  ✓ [1328] pend=1100 series        -jp/static-neutralization-equipment-ionizers/ionizer-bar/IZS40-41-42-E new_urls=1
  ✓ [1329] pend=1099 series        /en-jp/static-neutralization-equipment-ionizers/ionizer-bar/IZT44-45-E new_urls=1
  ✓ [1330] pend=1098 series        -jp/static-neutralization-equipment-ionizers/ionizer-bar/IZT40-41-42-E new_urls=1
  ✓ [1331] pend=1097 series        log/en-jp/static-neutralization-equipment-ionizers/ionizer-bar/IZS31-E new_urls=1
  ✓ [1332] pend=1096 series        og/en-jp/static-neutralization-equipment-ionizers/ionizer-bar/IZSW10-E new_urls=1
  ✓ [1333] pend=1095 series        en-jp/static-neutralization-equipment-ionizers/ionizer-nozzle/IZN10E-E new_urls=1
  ✓ [1334] pend=1094 series        log/en-jp/static-neutralization-equipment-ionizers/ionizer-fan/IZF10-E new_urls=1
  ✓ [1335] pend=1093 series        /en-jp/static-neutralization-equipment-ionizers/ionizer-duster/ZVB-2-E new_urls=1
  ✓ [1336] pend=1092 series        static-neutralization-equipment-ionizers/ionizer-electrostatic/IZD10-E new_urls=1
  ✓ [1337] pend=1091 series        static-neutralization-equipment-ionizers/ionizer-electrostatic/IZE11-E 
  ✓ [1338] pend=1090 series        static-neutralization-equipment-ionizers/ionizer-electrostatic/IZH10-E new_urls=1
  ✓ [1339] pend=1089 series        unication/industrial-communication-io-link-compatible/EX600-GILB-X60-E 
  ✓ [1340] pend=1088 series        l-communication/industrial-communication-io-link-compatible/JXCL1-IO-E new_urls=4
  ✓ [1341] pend=1087 series        rial-communication/industrial-communication-devicenet-compatible/HRZ-E new_urls=1
  ✓ [1342] pend=1086 series        rial-communication/industrial-communication-devicenet-compatible/HRW-E new_urls=1
  ✓ [1343] pend=1085 series        ial-communication/industrial-communication-devicenet-compatible/HRZC-E new_urls=1
  ✓ [1344] pend=1084 series        -communication/industrial-communication-devicenet-compatible/INR-495-E new_urls=1
  ✓ [1345] pend=1083 series        ustrial-communication/industrial-communication-rs232c-compatible/HRS-E new_urls=2
  ✓ [1346] pend=1082 series        trial-communication/industrial-communication-rs232c-compatible/HRS-R-E new_urls=1
  ✓ [1347] pend=1081 series        rial-communication/industrial-communication-rs232c-compatible/HRS090-E new_urls=1
  ✓ [1348] pend=1080 series        -communication/industrial-communication-rs232c-compatible/HRS100-150-E new_urls=1
  ✓ [1349] pend=1079 series        rial-communication/industrial-communication-rs232c-compatible/HRS200-E new_urls=1
  ✓ [1350] pend=1078 series        ial-communication/industrial-communication-rs232c-compatible/HRSH090-E new_urls=1
  ✓ [1351] pend=1077 series        strial-communication/industrial-communication-rs232c-compatible/HRSH-E new_urls=1
  ✓ [1352] pend=1076 series        ustrial-communication/industrial-communication-rs232c-compatible/HRL-E new_urls=1
  ✓ [1353] pend=1075 series        ustrial-communication/industrial-communication-rs232c-compatible/HRR-E new_urls=1
  ✓ [1354] pend=1074 series        trial-communication/industrial-communication-rs232c-compatible/HRZ-F-E new_urls=1
  ✓ [1355] pend=1073 series        -jp/process-valves/2-3-port-solenoid-valves-air-operated-valves/JSX2-E new_urls=2
  ✓ [1356] pend=1072 series        rocess-valves/2-3-port-solenoid-valves-air-operated-valves/JSXZ-X300-E new_urls=1
  ✓ [1357] pend=1071 series        /process-valves/2-3-port-solenoid-valves-air-operated-valves/HF3-JSX-E new_urls=1
  ✓ [1358] pend=1070 series        /process-valves/2-3-port-solenoid-valves-air-operated-valves/JSXH-X1-E new_urls=1
  ✓ [1359] pend=1069 series        /process-valves/2-3-port-solenoid-valves-air-operated-valves/JSXH-X2-E new_urls=1
  ✓ [1360] pend=1068 series        /process-valves/2-3-port-solenoid-valves-air-operated-valves/JSXN-X1-E new_urls=1
  ✓ [1361] pend=1067 series        n-jp/process-valves/2-3-port-solenoid-valves-air-operated-valves/VX2-E new_urls=1
  ✓ [1362] pend=1066 series        n-jp/process-valves/2-3-port-solenoid-valves-air-operated-valves/VXK-E new_urls=1
  ✓ [1363] pend=1065 series        n-jp/process-valves/2-3-port-solenoid-valves-air-operated-valves/VXD-E new_urls=1
  ✓ [1364] pend=1064 series        n-jp/process-valves/2-3-port-solenoid-valves-air-operated-valves/VXZ-E new_urls=1
  ✓ [1365] pend=1063 series        jp/process-valves/2-3-port-solenoid-valves-air-operated-valves/VXS-2-E new_urls=1
  ✓ [1366] pend=1062 series        n-jp/process-valves/2-3-port-solenoid-valves-air-operated-valves/JSB-E new_urls=1
  ✓ [1367] pend=1061 series        n-jp/process-valves/2-3-port-solenoid-valves-air-operated-valves/VXB-E new_urls=2
  ✓ [1368] pend=1060 series        n-jp/process-valves/2-3-port-solenoid-valves-air-operated-valves/VND-E new_urls=1
  ✓ [1369] pend=1059 series        n-jp/process-valves/2-3-port-solenoid-valves-air-operated-valves/VXE-E new_urls=1
  ✓ [1370] pend=1058 series        n-jp/process-valves/2-3-port-solenoid-valves-air-operated-valves/VXP-E new_urls=1
  ✓ [1371] pend=1057 series        n-jp/process-valves/2-3-port-solenoid-valves-air-operated-valves/VXR-E new_urls=1
  ✓ [1372] pend=1056 series        n-jp/process-valves/2-3-port-solenoid-valves-air-operated-valves/VXH-E new_urls=1
  ✓ [1373] pend=1055 series        jp/process-valves/2-3-port-solenoid-valves-air-operated-valves/JSXFA-E new_urls=2
  ✓ [1374] pend=1054 series        ocess-valves/2-3-port-solenoid-valves-air-operated-valves/VXF2-VXFA2-E new_urls=1
  ✓ [1375] pend=1053 series        n-jp/process-valves/2-3-port-solenoid-valves-air-operated-valves/VX3-E new_urls=1
  ✓ [1376] pend=1052 series        n-jp/process-valves/2-3-port-solenoid-valves-air-operated-valves/VXA-E new_urls=1
  ✓ [1377] pend=1051 series        -jp/process-valves/2-3-port-solenoid-valves-air-operated-valves/VXA3-E new_urls=1
  ✓ [1378] pend=1050 series        webcatalog/en-jp/process-valves/compact-2-3-port-solenoid-valves/VDW-E new_urls=1
  ✓ [1379] pend=1049 series        catalog/en-jp/process-valves/compact-2-3-port-solenoid-valves/VDW-KK-E new_urls=1
  ✓ [1380] pend=1048 series        catalog/en-jp/process-valves/compact-2-3-port-solenoid-valves/VDW-XF-E new_urls=1
  ✓ [1381] pend=1047 series        ebcatalog/en-jp/process-valves/compact-2-3-port-solenoid-valves/SX10-E new_urls=1
  ✓ [1382] pend=1046 series        ebcatalog/en-jp/process-valves/compact-2-3-port-solenoid-valves/SX90-E new_urls=1
  ✓ [1383] pend=1045 series        ebcatalog/en-jp/process-valves/compact-2-3-port-solenoid-valves/VQ-K-E new_urls=1
  ✓ [1384] pend=1044 series        webcatalog/en-jp/process-valves/compact-2-3-port-solenoid-valves/LVM-E new_urls=3
  ✓ [1385] pend=1043 series        ebcatalog/en-jp/process-valves/compact-2-3-port-solenoid-valves/LVMK-E new_urls=1
  ✓ [1386] pend=1042 series        webcatalog/en-jp/process-valves/compact-2-3-port-solenoid-valves/LPV-E new_urls=1
  ✓ [1387] pend=1041 series        ebcatalog/en-jp/process-valves/compact-2-3-port-solenoid-valves/LPVA-E new_urls=1
  ✓ [1388] pend=1040 series        og/en-jp/process-valves/compact-2-3-port-solenoid-valves/AP-SL-AP-AZ-E new_urls=2
  ✓ [1389] pend=1039 series        bcatalog/en-jp/process-valves/compact-2-3-port-solenoid-valves/XSA-2-E new_urls=3
  ✓ [1390] pend=1038 series        talog/en-jp/process-valves/5.0-mpa-2-3-port-solenoid-valves/VCH-VCHC-E new_urls=1
  ✓ [1391] pend=1037 series        process-valves/2-3-port-valves-for-general-purpose-fluid-control/VNA-E new_urls=1
  ✓ [1392] pend=1036 series        process-valves/2-3-port-valves-for-general-purpose-fluid-control/VNB-E new_urls=1
  ✓ [1393] pend=1035 series        /www.smcworld.com/webcatalog/en-jp/process-valves/coolant-valves/SGC-E new_urls=2
  ✓ [1394] pend=1034 series        /www.smcworld.com/webcatalog/en-jp/process-valves/coolant-valves/SGH-E new_urls=1
  ✓ [1395] pend=1033 series        /www.smcworld.com/webcatalog/en-jp/process-valves/coolant-valves/VNC-E new_urls=1
  ✓ [1396] pend=1032 series        /www.smcworld.com/webcatalog/en-jp/process-valves/coolant-valves/VNH-E new_urls=1
  ✓ [1397] pend=1031 series        g/en-jp/process-valves/valves-for-water-and-chemical-base-fluids/VCC-E new_urls=1
  ✓ [1398] pend=1030 series        g/en-jp/process-valves/valves-for-water-and-chemical-base-fluids/VCK-E 
  ✓ [1399] pend=1029 series        quid-valves-fittings-needle-valves-tubing/chemical-liquid-valves/LVC-E new_urls=1
  ✓ [1400] pend=1028 series        quid-valves-fittings-needle-valves-tubing/chemical-liquid-valves/LVA-E 
  ✓ [1401] pend=1027 series        quid-valves-fittings-needle-valves-tubing/chemical-liquid-valves/LVH-E 
  ✓ [1402] pend=1026 series        id-valves-fittings-needle-valves-tubing/chemical-liquid-valves/JLV20-E new_urls=1
  ✓ [1403] pend=1025 series        quid-valves-fittings-needle-valves-tubing/chemical-liquid-valves/LVD-E new_urls=1
  ✓ [1404] pend=1024 series        quid-valves-fittings-needle-valves-tubing/chemical-liquid-valves/LVQ-E new_urls=1
  ✓ [1405] pend=1023 series        quid-valves-fittings-needle-valves-tubing/chemical-liquid-valves/LVP-E new_urls=1
  ✓ [1406] pend=1022 series        quid-valves-fittings-needle-valves-tubing/chemical-liquid-valves/LVW-E new_urls=1
  ✓ [1407] pend=1021 series        id-valves-fittings-needle-valves-tubing/fittings-needle-valves/LQ1-F-E 
  ✓ [1408] pend=1020 series        id-valves-fittings-needle-valves-tubing/fittings-needle-valves/LQ3-F-E 
  ✓ [1409] pend=1019 series        quid-valves-fittings-needle-valves-tubing/fittings-needle-valves/LVN-E 
  ✓ [1410] pend=1021 series        d-valves-fittings-needle-valves-tubing/fluoropolymer-tubing/TL-TIL-F-E new_urls=3
  ✓ [1411] pend=1020 series        valves-fittings-needle-valves-tubing/fluoropolymer-tubing/TLM-TILM-F-E 
  ✓ [1412] pend=1019 series        d-valves-fittings-needle-valves-tubing/fluoropolymer-tubing/TD-TID-F-E 
  ✓ [1413] pend=1018 series        d-valves-fittings-needle-valves-tubing/fluoropolymer-tubing/TH-TIH-F-E 
  ✓ [1414] pend=1017 series        ocess-pumps-diaphragm-pumps/process-pumps-diaphragm-pumps/PA-PAP-PAX-E new_urls=1
  ✓ [1415] pend=1016 series        p/process-pumps-diaphragm-pumps/process-pumps-diaphragm-pumps/PA5000-E new_urls=1
  ✓ [1416] pend=1015 series        en-jp/process-pumps-diaphragm-pumps/process-pumps-diaphragm-pumps/PB-E new_urls=1
  ✓ [1417] pend=1014 series        p/process-pumps-diaphragm-pumps/process-pumps-diaphragm-pumps/PA3000-E new_urls=1
  ✓ [1418] pend=1013 series        n-jp/process-pumps-diaphragm-pumps/process-pumps-diaphragm-pumps/PAF-E new_urls=1
  ✓ [1419] pend=1012 series        catalog/en-jp/process-pumps-diaphragm-pumps/liquid-dispense-pump/LSP-E new_urls=1
  ✓ [1420] pend=1011 series        re-control-equipment/thermo-chillers-standard-type-basic-type/HRS040-E new_urls=1
  ✓ [1421] pend=1010 series        re-control-equipment/thermo-chillers-standard-type-basic-type/HRS400-E new_urls=1
  ✓ [1422] pend=1009 series        ture-control-equipment/thermo-chillers-standard-type-basic-type/HRSE-E new_urls=1
  ✓ [1423] pend=1008 series        ature-control-equipment/thermo-chillers-dual-channel-for-lasers/HRLE-E new_urls=1
  ✓ [1424] pend=1007 series        o-chillers-high-performance-type-high-performance-inverter-type/HRZF-E new_urls=1
  ✓ [1425] pend=1006 series        -jp/temperature-control-equipment/chiller-compliant-regulations/HRSC-E new_urls=1
  ✓ [1426] pend=1005 series        -jp/temperature-control-equipment/chiller-compliant-regulations/HRSF-E new_urls=1
  ✓ [1427] pend=1004 series        perature-control-equipment/chiller-compliant-regulations/HRSF150-200-E new_urls=1
  ✓ [1428] pend=1003 series        -jp/temperature-control-equipment/chiller-compliant-regulations/HRRF-E new_urls=1
  ✓ [1429] pend=1002 series        -jp/temperature-control-equipment/chiller-compliant-regulations/HRLF-E new_urls=1
  ✓ [1430] pend=1001 series        jp/temperature-control-equipment/chiller-compliant-regulations/HRSHF-E new_urls=1
  ✓ [1431] pend=1000 series        /temperature-control-equipment/thermo-cons-thermoelectric-baths/HECR-E new_urls=1
  ✓ [1432] pend= 999 series        p/temperature-control-equipment/thermo-cons-thermoelectric-baths/HEC-E new_urls=1
  ✓ [1433] pend= 998 series        p/temperature-control-equipment/thermo-cons-thermoelectric-baths/HEF-E new_urls=1
  ✓ [1434] pend= 997 series        ature-control-equipment/thermo-cons-thermoelectric-baths/INR-244-832-E new_urls=1
  ✓ [1435] pend= 996 series        p/temperature-control-equipment/thermo-cons-thermoelectric-baths/HEB-E new_urls=1
  ✓ [1436] pend= 995 series        p/temperature-control-equipment/thermo-cons-thermoelectric-baths/INR-E new_urls=1
  ✓ [1437] pend= 994 series        p/temperature-control-equipment/thermo-cons-thermoelectric-baths/HED-E new_urls=1
  ✓ [1438] pend= 993 series        .com/webcatalog/en-jp/process-gas-equipment/process-gas-equipment/AP-E new_urls=2
  ✓ [1439] pend= 992 series        om/webcatalog/en-jp/process-gas-equipment/process-gas-equipment/AP-P-E new_urls=2
  ✓ [1440] pend= 991 series        ld.com/webcatalog/en-jp/high-vacuum-equipment/high-vacuum-valves/XLA-E new_urls=1
  ✓ [1441] pend= 990 series        m/webcatalog/en-jp/high-vacuum-equipment/high-vacuum-valves/XLA-X152-E new_urls=1
  ✓ [1442] pend= 989 series        ld.com/webcatalog/en-jp/high-vacuum-equipment/high-vacuum-valves/XL_-E new_urls=1
  ✓ [1443] pend= 988 series        /webcatalog/en-jp/high-vacuum-equipment/high-vacuum-valves/XLAQ-XLDQ-E new_urls=1
  ✓ [1444] pend= 987 series        .com/webcatalog/en-jp/high-vacuum-equipment/high-vacuum-valves/XM-XY-E new_urls=1
  ✓ [1445] pend= 986 series        ld.com/webcatalog/en-jp/high-vacuum-equipment/high-vacuum-valves/XVD-E new_urls=1
  ✓ [1446] pend= 985 series        ://www.smcworld.com/webcatalog/en-jp/high-vacuum-equipment/other/XLJ-E new_urls=1
  ✓ [1447] pend= 984 series        smcworld.com/webcatalog/en-jp/high-vacuum-equipment/slit-valves/XGTP-E new_urls=1
  ✓ [1448] pend= 983 series        .smcworld.com/webcatalog/en-jp/high-vacuum-equipment/slit-valves/XGT-E new_urls=1
  ✓ [1449] pend= 982 series        catalog/en-jp/high-vacuum-equipment/rodless-cylinders-for-vacuum/CYV-E new_urls=1
  ✓ [1450] pend= 981 series        jp/industrial-filters-sintered-metal-elements/industrial-filters/FGD-E new_urls=2
  ✓ [1451] pend= 980 series        jp/industrial-filters-sintered-metal-elements/industrial-filters/FGE-E 
  ✓ [1452] pend= 979 series        jp/industrial-filters-sintered-metal-elements/industrial-filters/FGG-E 
  ✓ [1453] pend= 978 series        jp/industrial-filters-sintered-metal-elements/industrial-filters/FGA-E 
  ✓ [1454] pend= 977 series        jp/industrial-filters-sintered-metal-elements/industrial-filters/FGC-E 
  ✓ [1455] pend= 976 series        jp/industrial-filters-sintered-metal-elements/industrial-filters/FGF-E new_urls=1
  ✓ [1456] pend= 975 series        jp/industrial-filters-sintered-metal-elements/industrial-filters/FGH-E new_urls=1
  ✓ [1457] pend= 974 series        jp/industrial-filters-sintered-metal-elements/industrial-filters/FQ1-E new_urls=1
  ✓ [1458] pend= 973 series        -jp/industrial-filters-sintered-metal-elements/industrial-filters/FN-E new_urls=1
  ✓ [1459] pend= 972 series        /industrial-filters-sintered-metal-elements/industrial-filters/FHIAF-E new_urls=1
  ✓ [1460] pend= 971 series        strial-filters-sintered-metal-elements/sintered-metal-elements/EB-ES-E new_urls=1
  ✓ [1461] pend= 970 series        /en-jp/pneumatic-instrumentation-equipment/positioners/IP8_00/IP8_01-E new_urls=1
  ✓ [1462] pend= 969 series        talog/en-jp/pneumatic-instrumentation-equipment/positioners/IP8101-X-E new_urls=1
  ✓ [1463] pend= 968 series        og/en-jp/pneumatic-instrumentation-equipment/positioners/IP5000-5100-E new_urls=1
  ✓ [1464] pend= 967 series        bcatalog/en-jp/pneumatic-instrumentation-equipment/positioners/IP200-E new_urls=1
  ✓ [1465] pend= 966 series        catalog/en-jp/pneumatic-instrumentation-equipment/positioners/ND7000-E new_urls=1
  ✓ [1466] pend= 965 series        catalog/en-jp/pneumatic-instrumentation-equipment/positioners/ND9000-E new_urls=1
  ✓ [1467] pend= 964 series        catalog/en-jp/pneumatic-instrumentation-equipment/regulators/1301-IW-E new_urls=1
  ✓ [1468] pend= 963 series        ebcatalog/en-jp/pneumatic-instrumentation-equipment/relays-valves/IL-E new_urls=1
  ✓ [1469] pend= 962 series        catalog/en-jp/pneumatic-instrumentation-equipment/relays-valves/IL-V-E new_urls=1
  ✓ [1470] pend= 961 series        pneumatic-instrumentation-equipment/electro-pneumatic-transducers/IT-E new_urls=1
  ✓ [1471] pend= 960 series        /webcatalog/en-jp/pneumatic-instrumentation-equipment/actuators/CPA2-E new_urls=1
  ✓ [1472] pend= 959 series        jp/pneumatic-instrumentation-equipment/detection-conversion-units/IS-E new_urls=1
  ✓ [1473] pend= 958 series        /en-jp/pneumatic-instrumentation-equipment/solenoid-valves/VFN200N-2-E new_urls=2
  ✓ [1474] pend= 957 series        en-jp/pneumatic-instrumentation-equipment/solenoid-valves/VFN2000N-2-E new_urls=1
  ✓ [1475] pend= 956 series        g/en-jp/pneumatic-instrumentation-equipment/solenoid-valves/VFN2120N-E new_urls=1
  ✓ [1476] pend= 955 series        og/en-jp/pneumatic-instrumentation-equipment/piping-materials/IN-241-E new_urls=1
  ✓ [1477] pend= 954 series        en-jp/pneumatic-instrumentation-equipment/piping-materials/T0604-X64-E new_urls=1
  ✓ [1478] pend= 953 series        n-jp/pneumatic-instrumentation-equipment/piping-materials/TH0604-X64-E new_urls=1
  ✓ [1479] pend= 952 series        om/webcatalog/en-jp/hydraulic-equipment/hydraulic-cylinders/CHQ-CHDQ-E new_urls=3 variations=2
  ✓ [1480] pend= 951 series        /webcatalog/en-jp/hydraulic-equipment/hydraulic-cylinders/CHK_-CHDK_-E new_urls=1 variations=2
  ✓ [1481] pend= 950 series        rld.com/webcatalog/en-jp/hydraulic-equipment/hydraulic-cylinders/CHN-E new_urls=1 variations=1
  ✓ [1482] pend= 949 series        om/webcatalog/en-jp/hydraulic-equipment/hydraulic-cylinders/CHM-CHDM-E new_urls=1 variations=1
  ✓ [1483] pend= 948 series        /webcatalog/en-jp/hydraulic-equipment/hydraulic-cylinders/CHS_-CHDS_-E new_urls=1 variations=2
  ✓ [1484] pend= 947 series        om/webcatalog/en-jp/hydraulic-equipment/hydraulic-cylinders/CH2-CHD2-E new_urls=1 variations=6
  ✓ [1485] pend= 946 series        rld.com/webcatalog/en-jp/hydraulic-equipment/hydraulic-cylinders/CQ2-E new_urls=1
  ✓ [1486] pend= 945 series        ld.com/webcatalog/en-jp/hydraulic-equipment/hydraulic-cylinders/D-AS-E new_urls=1
  ✓ [1487] pend= 944 series        ld.com/webcatalog/en-jp/hydraulic-equipment/hydraulic-equipment/FHIA-E new_urls=3
  ✓ [1488] pend= 943 series        ld.com/webcatalog/en-jp/hydraulic-equipment/hydraulic-equipment/FH99-E new_urls=1
  ✓ [1489] pend= 942 series        rld.com/webcatalog/en-jp/hydraulic-equipment/hydraulic-equipment/FHG-E new_urls=1
  ✓ [1490] pend= 941 series        orld.com/webcatalog/en-jp/hydraulic-equipment/hydraulic-equipment/FH-E new_urls=2
  ✓ [1491] pend= 940 series        ld.com/webcatalog/en-jp/hydraulic-equipment/hydraulic-equipment/FHBA-E new_urls=1
  ✓ [1492] pend= 939 series        d.com/webcatalog/en-jp/hydraulic-equipment/hydraulic-equipment/FH100-E new_urls=1
  ✓ [1493] pend= 938 series        d.com/webcatalog/en-jp/hydraulic-equipment/hydraulic-equipment/FH150-E new_urls=1
  ✓ [1494] pend= 937 series        rld.com/webcatalog/en-jp/hydraulic-equipment/hydraulic-equipment/FHM-E new_urls=1
  ✓ [1495] pend= 936 series        ld.com/webcatalog/en-jp/hydraulic-equipment/hydraulic-equipment/HOWF-E new_urls=1
  ✓ [1496] pend= 935 series        clean-series-low-particle-generation/directional-control-valves/SY-C-E new_urls=1
  ✓ [1497] pend= 934 series        clean-series-low-particle-generation/directional-control-valves/SV-C-E new_urls=1
  ✓ [1498] pend= 933 series        lean-series-low-particle-generation/directional-control-valves/SYJ-C-E new_urls=1
  ✓ [1499] pend= 932 series        clean-series-low-particle-generation/directional-control-valves/SZ-C-E new_urls=1
  ✓ [1500] pend= 931 series        series-low-particle-generation/directional-control-valves/10-S0700-C-E new_urls=1
  ✓ [1501] pend= 930 series        clean-series-low-particle-generation/directional-control-valves/VQ-C-E new_urls=1
  ✓ [1502] pend= 929 series        clean-series-low-particle-generation/directional-control-valves/SQ-C-E new_urls=1
  ✓ [1503] pend= 928 series        lean-series-low-particle-generation/directional-control-valves/VQD-C-E new_urls=1
  ✓ [1504] pend= 927 series        ean-series-low-particle-generation/directional-control-valves/V100-C-E new_urls=1
  ✓ [1505] pend= 926 series        ean-series-low-particle-generation/directional-control-valves/SYJ-C3-E new_urls=1
  ✓ [1506] pend= 925 series        lean-series-low-particle-generation/directional-control-valves/SY-C3-E new_urls=1
  ✓ [1507] pend= 924 series        ean-series-low-particle-generation/directional-control-valves/S070-C-E new_urls=1
  ✓ [1508] pend= 923 series        talog/en-jp/clean-series-low-particle-generation/air-cylinders/CJ2-Z-E new_urls=2 flagged=1 variations=4
  ✓ [1509] pend= 922 series        talog/en-jp/clean-series-low-particle-generation/air-cylinders/CM2-Z-E new_urls=1 flagged=1 variations=4
  ✓ [1510] pend= 921 series        talog/en-jp/clean-series-low-particle-generation/air-cylinders/CG1-Z-E new_urls=1 flagged=1 variations=3
  ✓ [1511] pend= 920 series        catalog/en-jp/clean-series-low-particle-generation/air-cylinders/CA2-E new_urls=2 flagged=1 variations=1
  ✓ [1512] pend= 919 series        catalog/en-jp/clean-series-low-particle-generation/air-cylinders/CUJ-E new_urls=1 flagged=1 variations=1
  ✓ [1513] pend= 918 series        catalog/en-jp/clean-series-low-particle-generation/air-cylinders/CDU-E new_urls=1 flagged=1 variations=1
  ✓ [1514] pend= 917 series        catalog/en-jp/clean-series-low-particle-generation/air-cylinders/CQS-E new_urls=1 flagged=1 variations=1
  ✓ [1515] pend= 916 series        talog/en-jp/clean-series-low-particle-generation/air-cylinders/CQ2-C-E new_urls=1 flagged=1 variations=2
  ✓ [1516] pend= 915 series        talog/en-jp/clean-series-low-particle-generation/air-cylinders/CY3-C-E new_urls=1
  ✓ [1517] pend= 914 series        talog/en-jp/clean-series-low-particle-generation/air-cylinders/CYP-C-E new_urls=1
  ✓ [1518] pend= 913 series        talog/en-jp/clean-series-low-particle-generation/air-cylinders/MXS-C-E new_urls=1 flagged=1 variations=2
  ✓ [1519] pend= 912 series        talog/en-jp/clean-series-low-particle-generation/air-cylinders/MXQ-C-E new_urls=1 flagged=1 variations=2
  ✓ [1520] pend= 911 series        og/en-jp/clean-series-low-particle-generation/air-cylinders/11-MXJ-C-E new_urls=1 flagged=1 variations=1
  ✓ [1521] pend= 910 series        talog/en-jp/clean-series-low-particle-generation/air-cylinders/MXP-C-E new_urls=1
  ✓ [1522] pend= 909 series        talog/en-jp/clean-series-low-particle-generation/air-cylinders/MGP-C-E new_urls=1
  ✓ [1523] pend= 908 series        talog/en-jp/clean-series-low-particle-generation/air-cylinders/MGF-C-E new_urls=1
  ✓ [1524] pend= 907 series        alog/en-jp/clean-series-low-particle-generation/air-cylinders/CXSJ-C-E new_urls=1
  ✓ [1525] pend= 906 series        talog/en-jp/clean-series-low-particle-generation/air-cylinders/CXS-C-E new_urls=1
  ✓ [1526] pend= 905 series        talog/en-jp/clean-series-low-particle-generation/air-cylinders/REA-C-E new_urls=1
  ✓ [1527] pend= 904 series        talog/en-jp/clean-series-low-particle-generation/air-cylinders/REC-C-E new_urls=1
  ✓ [1528] pend= 903 series        atalog/en-jp/clean-series-low-particle-generation/air-cylinders/CQSX-E new_urls=1 flagged=1 variations=6
  ✓ [1529] pend= 902 series        log/en-jp/clean-series-low-particle-generation/rotary-actuators/CRB1-E new_urls=3
  ✓ [1530] pend= 901 series        log/en-jp/clean-series-low-particle-generation/rotary-actuators/CRA1-E new_urls=1
  ✓ [1531] pend= 900 series        og/en-jp/clean-series-low-particle-generation/rotary-actuators/MSQ-C-E new_urls=1
  ✓ [1532] pend= 899 series        /en-jp/clean-series-low-particle-generation/rotary-actuators/MSQ-2-C-E new_urls=1
  ✓ [1533] pend= 898 series        catalog/en-jp/clean-series-low-particle-generation/air-grippers/MHZ2-E new_urls=2
  ✓ [1534] pend= 897 series        talog/en-jp/clean-series-low-particle-generation/air-grippers/MHL2-C-E new_urls=1
  ✓ [1535] pend= 896 series        en-jp/clean-series-low-particle-generation/air-grippers/MHR2-MDHR2-C-E new_urls=1
  ✓ [1536] pend= 895 series        en-jp/clean-series-low-particle-generation/air-grippers/MHR3-MDHR3-C-E new_urls=1
  ✓ [1537] pend= 894 series        catalog/en-jp/clean-series-low-particle-generation/air-dryers/IDG-MS-E new_urls=1
  ✓ [1538] pend= 893 series        -low-particle-generation/compressed-air-cleaning-filter-Series/AFF-M-E new_urls=1
  ✓ [1539] pend= 892 series        -low-particle-generation/compressed-air-cleaning-filter-Series/AM-MS-E 
  ✓ [1540] pend= 891 series        low-particle-generation/compressed-air-cleaning-filter-Series/AMD-MS-E 
  ✓ [1541] pend= 890 series        low-particle-generation/compressed-air-cleaning-filter-Series/AMH-MS-E 
  ✓ [1542] pend= 889 series        low-particle-generation/compressed-air-cleaning-filter-Series/AME-MS-E 
  ✓ [1543] pend= 888 series        low-particle-generation/compressed-air-cleaning-filter-Series/AMF-MS-E 
  ✓ [1544] pend= 887 series        ticle-generation/modular-frl-units-pressure-control-equipment/AF-D-C-E new_urls=1
  ✓ [1545] pend= 886 series        icle-generation/modular-frl-units-pressure-control-equipment/AFM-D-C-E new_urls=1
  ✓ [1546] pend= 885 series        icle-generation/modular-frl-units-pressure-control-equipment/AFD-D-C-E new_urls=1
  ✓ [1547] pend= 884 series        ticle-generation/modular-frl-units-pressure-control-equipment/AR-D-C-E new_urls=1
  ✓ [1548] pend= 883 series        cle-generation/modular-frl-units-pressure-control-equipment/AR_K-D-C-E 
  ✓ [1549] pend= 882 series        ticle-generation/modular-frl-units-pressure-control-equipment/AW-D-C-E new_urls=1
  ✓ [1550] pend= 881 series        cle-generation/modular-frl-units-pressure-control-equipment/AW_K-D-C-E 
  ✓ [1551] pend= 880 series        icle-generation/modular-frl-units-pressure-control-equipment/AWM-D-C-E new_urls=1
  ✓ [1552] pend= 879 series        icle-generation/modular-frl-units-pressure-control-equipment/AWD-D-C-E 
  ✓ [1553] pend= 878 series        article-generation/modular-frl-units-pressure-control-equipment/AF-C-E new_urls=1
  ✓ [1554] pend= 877 series        rticle-generation/modular-frl-units-pressure-control-equipment/AFM-C-E new_urls=1
  ✓ [1555] pend= 876 series        rticle-generation/modular-frl-units-pressure-control-equipment/AFD-C-E new_urls=1
  ✓ [1556] pend= 875 series        article-generation/modular-frl-units-pressure-control-equipment/AR-C-E new_urls=1
  ✓ [1557] pend= 874 series        rticle-generation/modular-frl-units-pressure-control-equipment/AR-CG-E 
  ✓ [1558] pend= 873 series        article-generation/modular-frl-units-pressure-control-equipment/AW-C-E new_urls=1
  ✓ [1559] pend= 872 series        article-generation/modular-frl-units-pressure-control-equipment/AW_K-E 
  ✓ [1560] pend= 871 series        rticle-generation/modular-frl-units-pressure-control-equipment/AWM-C-E new_urls=1
  ✓ [1561] pend= 870 series        rticle-generation/modular-frl-units-pressure-control-equipment/AWD-C-E 
  ✓ [1562] pend= 869 series        rticle-generation/modular-frl-units-pressure-control-equipment/ARP-C-E new_urls=1
  ✓ [1563] pend= 868 series        article-generation/modular-frl-units-pressure-control-equipment/IR-C-E new_urls=1
  ✓ [1564] pend= 867 series        rticle-generation/modular-frl-units-pressure-control-equipment/IRV-C-E new_urls=1
  ✓ [1565] pend= 866 series        /webcatalog/en-jp/clean-series-low-particle-generation/fittings/KQ-C-E new_urls=1
  ✓ [1566] pend= 865 series        /webcatalog/en-jp/clean-series-low-particle-generation/fittings/KF-C-E new_urls=1
  ✓ [1567] pend= 864 series        m/webcatalog/en-jp/clean-series-low-particle-generation/fittings/M-C-E new_urls=1
  ✓ [1568] pend= 863 series        webcatalog/en-jp/clean-series-low-particle-generation/fittings/KDM-C-E new_urls=1
  ✓ [1569] pend= 862 series        /webcatalog/en-jp/clean-series-low-particle-generation/fittings/KG-C-E new_urls=1
  ✓ [1570] pend= 861 series        /webcatalog/en-jp/clean-series-low-particle-generation/fittings/MS-C-E new_urls=1
  ✓ [1571] pend= 860 series        rticle-generation/flow-control-equipment-speed-controllers/10-AS-F-C-E new_urls=2
  ✓ [1572] pend= 859 series        ticle-generation/flow-control-equipment-speed-controllers/10-AS-FS-C-E new_urls=1
  ✓ [1573] pend= 858 series        ow-particle-generation/flow-control-equipment-speed-controllers/AS-C-E new_urls=1
  ✓ [1574] pend= 857 series        rticle-generation/flow-control-equipment-speed-controllers/AS-F-FG-C-E new_urls=1
  ✓ [1575] pend= 856 series        ticle-generation/flow-control-equipment-speed-controllers/AS-FS-IN-C-E new_urls=1
  ✓ [1576] pend= 855 series        w-particle-generation/flow-control-equipment-speed-controllers/AS-CI-E new_urls=1
  ✓ [1577] pend= 854 series        w-particle-generation/flow-control-equipment-speed-controllers/ASD-C-E new_urls=1
  ✓ [1578] pend= 853 series        ticle-generation/flow-control-equipment-speed-controllers/10-AS-FG-C-E new_urls=1
  ✓ [1579] pend= 852 series        icle-generation/flow-control-equipment-speed-controllers/10-AS-FSG-C-E new_urls=1
  ✓ [1580] pend= 851 series        w-particle-generation/flow-control-equipment-speed-controllers/AS-FG-E new_urls=1
  ✓ [1581] pend= 850 series        ticle-generation/flow-control-equipment-speed-controllers/AS-FG-IN-C-E new_urls=1
  ✓ [1582] pend= 849 series        icle-generation/flow-control-equipment-speed-controllers/AS-FSG-IN-C-E new_urls=1
  ✓ [1583] pend= 848 series        particle-generation/flow-control-equipment-speed-controllers/AS-FG-C-E new_urls=1
  ✓ [1584] pend= 847 series        -particle-generation/flow-control-equipment-speed-controllers/ASD-FG-E new_urls=1
  ✓ [1585] pend= 846 series        w-particle-generation/flow-control-equipment-speed-controllers/AS-CK-E new_urls=1
  ✓ [1586] pend= 845 series        -particle-generation/flow-control-equipment-speed-controllers/AS-CKI-E new_urls=1
  ✓ [1587] pend= 844 series        w-particle-generation/flow-control-equipment-speed-controllers/AS-FM-E new_urls=1
  ✓ [1588] pend= 843 series        particle-generation/flow-control-equipment-speed-controllers/AS-FM-C-E new_urls=1
  ✓ [1589] pend= 842 series        -particle-generation/flow-control-equipment-speed-controllers/ASD-FM-E new_urls=1
  ✓ [1590] pend= 841 series        -jp/clean-series-low-particle-generation/switches-sensors/10-ZSE20-C-E new_urls=1
  ✓ [1591] pend= 840 series        g/en-jp/clean-series-low-particle-generation/switches-sensors/PSE530-E new_urls=1
  ✓ [1592] pend= 839 series        g/en-jp/clean-series-low-particle-generation/switches-sensors/PSE540-E new_urls=1
  ✓ [1593] pend= 838 series        g/en-jp/clean-series-low-particle-generation/switches-sensors/PSE550-E new_urls=1
  ✓ [1594] pend= 837 series        g/en-jp/clean-series-low-particle-generation/switches-sensors/PSE560-E new_urls=1
  ✓ [1595] pend= 836 series        n-jp/clean-series-low-particle-generation/switches-sensors/PSE200A-C-E new_urls=1
  ✓ [1596] pend= 835 series        en-jp/clean-series-low-particle-generation/switches-sensors/PSE300-S-E new_urls=1
  ✓ [1597] pend= 834 series        /en-jp/clean-series-low-particle-generation/flow-switches/PF2M7-X300-E new_urls=1
  ✓ [1598] pend= 833 series        copper-fluorine-free-equipment-series-20/copper-fluorine-free-20/20--E new_urls=1
  ✓ [1599] pend= 832 series        with-secondary-batteries-series-25a/air-management-system/25A-AMS_AB-E new_urls=1
  ✓ [1600] pend= 831 series        secondary-batteries-series-25a/directional-control-valves/25A-SY5000-E new_urls=1
  ✓ [1601] pend= 830 series        -compatible-with-secondary-batteries-series-25a/wireless-system/EXW1-E new_urls=1
  ✓ [1602] pend= 829 series        ries-compatible-with-secondary-batteries-series-25a/actuators/25A-AS-E new_urls=1
  ✓ [1603] pend= 828 series        ies-compatible-with-secondary-batteries-series-25a/actuators/25A-CAS-E new_urls=1
  ✓ [1604] pend= 827 series        ies-compatible-with-secondary-batteries-series-25a/actuators/25A-RRS-E new_urls=1
  ✓ [1605] pend= 826 series        ries-compatible-with-secondary-batteries-series-25a/actuators/25A-GS-E new_urls=1
  ✓ [1606] pend= 825 series        /series-compatible-with-secondary-batteries-series-25a/actuators/CNG-E new_urls=1
  ✓ [1607] pend= 824 series        ies-compatible-with-secondary-batteries-series-25a/actuators/ISO-25A-E new_urls=1
  ✓ [1608] pend= 823 series        mpatible-with-secondary-batteries-series-25a/related-products/25A-RB-E new_urls=1
  ✓ [1609] pend= 822 series        ompatible-with-secondary-batteries-series-25a/related-products/25A-J-E new_urls=1
  ✓ [1610] pend= 821 series        -secondary-batteries-series-25a/rotary-actuators-air-grippers/25A-RA-E new_urls=1
  ✓ [1611] pend= 820 series        -secondary-batteries-series-25a/rotary-actuators-air-grippers/25A-AC-E new_urls=1
  ✓ [1612] pend= 819 series        mpatible-with-secondary-batteries-series-25a/vacuum-equipment/25A-ZQ-E new_urls=1
  ✓ [1613] pend= 818 series        teries-series-25a/air-preparation-equipment-clean-air-filters/25A-AF-E new_urls=1
  ✓ [1614] pend= 817 series        eries-series-25a/air-preparation-equipment-clean-air-filters/25A-CAF-E new_urls=1
  ✓ [1615] pend= 816 series        eries-series-25a/modular-frl-units-pressure-control-equipment/25A-AR-E new_urls=1
  ✓ [1616] pend= 815 series        ries-series-25a/modular-frl-units-pressure-control-equipment/25A-VBA-E new_urls=1
  ✓ [1617] pend= 814 series        teries-series-25a/modular-frl-units-pressure-control-equipment/25A-G-E new_urls=1
  ✓ [1618] pend= 813 series        econdary-batteries-series-25a/flow-control-equipment-fittings/25A-AQ-E new_urls=1
  ✓ [1619] pend= 812 series        -jp/series-compatible-with-secondary-batteries-series-25a/tubings/TH-E new_urls=1
  ✓ [1620] pend= 811 series        ondary-batteries-series-25a/detection-switches-auto-switches/25A-ZSE-E new_urls=1
  ✓ [1621] pend= 810 series        h-secondary-batteries-series-25a/detection-switches-auto-switches/D--E 
  ✓ [1622] pend= 809 series        ries-series-25a/static-neutralization-equipment-ionizers/25A-ionizer-E new_urls=1
  ✓ [1623] pend= 808 series        compatible-with-secondary-batteries-series-25a/process-valves/25A-VX-E new_urls=1
  ✓ [1624] pend= 807 series        -with-secondary-batteries-series-25a/process-gas-equipment/25A-AZ-AK-E new_urls=1
  ✓ [1625] pend= 806 series        -process-equipment/spatter-resistant-cylinders-for-arc-welding/CK-XC-E new_urls=1 flagged=1 variations=3
  ✓ [1626] pend= 805 series        -process-equipment/spatter-resistant-cylinders-for-arc-welding/CD-XC-E flagged=1 variations=3
  ✓ [1627] pend= 804 series        -process-equipment/spatter-resistant-cylinders-for-arc-welding/CA-XC-E flagged=1 variations=1
  ✓ [1628] pend= 803 series        -process-equipment/spatter-resistant-cylinders-for-arc-welding/MB-XC-E flagged=1 variations=1
  ✓ [1629] pend= 802 series        rocess-equipment/spatter-resistant-cylinders-for-arc-welding/MGPM-XC-E variations=1
  ✓ [1630] pend= 801 series        rocess-equipment/spatter-resistant-cylinders-for-arc-welding/MK2T-XC-E flagged=1 variations=1
  ✓ [1631] pend= 800 series        catalog/en-jp/arc-welding-process-equipment/specialty-cylinders/CKQG-E 
  ✓ [1632] pend= 799 series        catalog/en-jp/arc-welding-process-equipment/specialty-cylinders/CDQ2-E new_urls=1
  ✓ [1633] pend= 798 series        og/en-jp/arc-welding-process-equipment/gas-air-switching-valve/SS5Y7-E new_urls=1
  ✓ [1634] pend= 797 series        bcatalog/en-jp/arc-welding-process-equipment/detection-switches/PFM7-E new_urls=1
  ✓ [1635] pend= 796 series        atalog/en-jp/arc-welding-process-equipment/detection-switches/ISE20B-E new_urls=1
  ✓ [1636] pend= 795 series        rogen-n2-ompatible-equipment/pressure-control-equipment/HF1-HF1B-SRH-E 
  ✓ [1637] pend= 794 series        og/en-jp/nitrogen-n2-ompatible-equipment/pressure-switches/ZSE20C-X2-E 
  ✓ [1638] pend= 793 series        2-ompatible-equipment/process-valves-2-3-port-solenoid-valves/VX2-N2-E 
  ✓ [1639] pend= 792 series        2-ompatible-equipment/process-valves-2-3-port-solenoid-valves/VXD-N2-E 
  ✓ [1640] pend= 791 series        2-ompatible-equipment/process-valves-2-3-port-solenoid-valves/VXZ-N2-E 
  ✓ [1641] pend= 790 series        2-ompatible-equipment/process-valves-2-3-port-solenoid-valves/VDW-N2-E 
  ✓ [1642] pend= 789 series        n2-ompatible-equipment/process-valves-2-3-port-solenoid-valves/VQ-X2-E 
  ✓ [1643] pend= 788 series        /en-jp/nitrogen-n2-ompatible-equipment/sintered-metal-elements/ES-N2-E 
  ✓ [1644] pend= 787 series        /webcatalog/en-jp/atex/directional-control-valves-fieldbus/52-SY5000-E new_urls=1
  ✓ [1645] pend= 786 series        webcatalog/en-jp/atex/directional-control-valves-fieldbus/56-VQC1000-E new_urls=1
  ✓ [1646] pend= 785 series        webcatalog/en-jp/atex/directional-control-valves-fieldbus/50-VFE3000-E new_urls=1
  ✓ [1647] pend= 784 series        /webcatalog/en-jp/atex/directional-control-valves-fieldbus/50-VPE500-E new_urls=1
  ✓ [1648] pend= 783 series        m/webcatalog/en-jp/atex/directional-control-valves-fieldbus/56-EX260-E new_urls=1
  ✓ [1649] pend= 782 series        m/webcatalog/en-jp/atex/directional-control-valves-fieldbus/56-EX600-E new_urls=1
  ✓ [1650] pend= 781 series        https://www.smcworld.com/webcatalog/en-jp/atex/actuators/ATEX-55-C76-E new_urls=1
  ✓ [1651] pend= 780 series        https://www.smcworld.com/webcatalog/en-jp/atex/actuators/ATEX-55-C85-E new_urls=1
  ✓ [1652] pend= 779 series        https://www.smcworld.com/webcatalog/en-jp/atex/actuators/ATEX-55-C95-E new_urls=1
  ✓ [1653] pend= 778 series        https://www.smcworld.com/webcatalog/en-jp/atex/actuators/ATEX-55-C96-E new_urls=1
  ✓ [1654] pend= 777 series        tps://www.smcworld.com/webcatalog/en-jp/atex/actuators/ATEX-55-C96-C-E 
  ✓ [1655] pend= 776 series        ttps://www.smcworld.com/webcatalog/en-jp/atex/actuators/ATEX-55-CP96-E new_urls=1
  ✓ [1656] pend= 775 series        ps://www.smcworld.com/webcatalog/en-jp/atex/actuators/ATEX-55-CP96-C-E 
  ✓ [1657] pend= 774 series        https://www.smcworld.com/webcatalog/en-jp/atex/actuators/ATEX-55-C55-E new_urls=1
  ✓ [1658] pend= 773 series        https://www.smcworld.com/webcatalog/en-jp/atex/actuators/ATEX-55-JCM-E new_urls=1
  ✓ [1659] pend= 772 series        https://www.smcworld.com/webcatalog/en-jp/atex/actuators/ATEX-55-CG1-E new_urls=1
  ✓ [1660] pend= 771 series        https://www.smcworld.com/webcatalog/en-jp/atex/actuators/ATEX-55-CS1-E new_urls=1
  ✓ [1661] pend= 770 series        tps://www.smcworld.com/webcatalog/en-jp/atex/actuators/ATEX-55-CQ2-Z-E new_urls=1
  ✓ [1662] pend= 769 series        https://www.smcworld.com/webcatalog/en-jp/atex/actuators/ATEX-55-CQ2-E 
  ✓ [1663] pend= 768 series        https://www.smcworld.com/webcatalog/en-jp/atex/actuators/ATEX-55-CXS-E new_urls=1
  ✓ [1664] pend= 767 series        tps://www.smcworld.com/webcatalog/en-jp/atex/actuators/ATEX-55-CG5-S-E new_urls=1
  ✓ [1665] pend= 766 series        ps://www.smcworld.com/webcatalog/en-jp/atex/actuators/ATEX-55-MY1B-Z-E new_urls=1
  ✓ [1666] pend= 765 series        ttps://www.smcworld.com/webcatalog/en-jp/atex/actuators/ATEX-55-MY1B-E 
  ✓ [1667] pend= 764 series        ttps://www.smcworld.com/webcatalog/en-jp/atex/actuators/ATEX-55-MY1M-E new_urls=1
  ✓ [1668] pend= 763 series        ps://www.smcworld.com/webcatalog/en-jp/atex/actuators/ATEX-55-MY1H-Z-E new_urls=1
  ✓ [1669] pend= 762 series        ttps://www.smcworld.com/webcatalog/en-jp/atex/actuators/ATEX-55-MY1H-E 
  ✓ [1670] pend= 761 series        ps://www.smcworld.com/webcatalog/en-jp/atex/auto-switches/ATEX-D-588-E new_urls=1
  ✓ [1671] pend= 760 series        //www.smcworld.com/webcatalog/en-jp/atex/auto-switches/ATEX-D-M9-588-E 
  ✓ [1672] pend= 759 series        ://www.smcworld.com/webcatalog/en-jp/atex/auto-switches/ATEX-D-588-R-E 
  ✓ [1673] pend= 758 series        www.smcworld.com/webcatalog/en-jp/atex/rotary-actuators/ATEX-55-CRB1-E new_urls=1
  ✓ [1674] pend= 757 series        www.smcworld.com/webcatalog/en-jp/atex/rotary-actuators/ATEX-56-CRB1-E new_urls=1
  ✓ [1675] pend= 756 series        www.smcworld.com/webcatalog/en-jp/atex/rotary-actuators/ATEX-55-CRB2-E new_urls=1
  ✓ [1676] pend= 755 series        www.smcworld.com/webcatalog/en-jp/atex/rotary-actuators/ATEX-56-CRB2-E new_urls=1
  ✓ [1677] pend= 754 series        ww.smcworld.com/webcatalog/en-jp/atex/rotary-actuators/ATEX-55-CRBU2-E new_urls=1
  ✓ [1678] pend= 753 series        ww.smcworld.com/webcatalog/en-jp/atex/rotary-actuators/ATEX-56-CRBU2-E new_urls=1
  ✓ [1679] pend= 752 series        www.smcworld.com/webcatalog/en-jp/atex/rotary-actuators/ATEX-55-CRQ2-E new_urls=1
  ✓ [1680] pend= 751 series        www.smcworld.com/webcatalog/en-jp/atex/rotary-actuators/ATEX-56-CRQ2-E new_urls=1
  ✓ [1681] pend= 750 series        ww.smcworld.com/webcatalog/en-jp/atex/booster-regulators/ATEX-56-VBA-E new_urls=1
  ✓ [1682] pend= 749 series        cworld.com/webcatalog/en-jp/atex/pressure-switches/ATEX-56-ISE70-75H-E new_urls=1
  ✓ [1683] pend= 748 series        .smcworld.com/webcatalog/en-jp/atex/pressure-switches/ATEX-56-IS10-R-E new_urls=1
  ✓ [1684] pend= 747 series        ://www.smcworld.com/webcatalog/en-jp/atex/process-valves/ATEX-55-JSB-E new_urls=1
  ✓ [1685] pend= 746 series        /www.smcworld.com/webcatalog/en-jp/atex/process-valves/ATEX-55-JSXFA-E new_urls=1
  ✓ [1686] pend= 745 series        ://www.smcworld.com/webcatalog/en-jp/atex/process-valves/ATEX-56-VND-E new_urls=1
  ✓ [1687] pend= 744 series        ://www.smcworld.com/webcatalog/en-jp/atex/process-valves/ATEX-55-LVA-E new_urls=1
  ✓ [1688] pend= 743 series        mcworld.com/webcatalog/en-jp/atex/process-valves/ATEX-55-PA3000-5000-E new_urls=1
  ✓ [1689] pend= 742 series        mcworld.com/webcatalog/en-jp/atex/process-valves/ATEX-56-PA3000-5000-E new_urls=1
  ✓ [1690] pend= 741 series        g/en-jp/atex/pneumatic-instrumentation-equipment/ATEX-55-IP5000-5100-E new_urls=1
  ✓ [1691] pend= 740 series        g/en-jp/atex/pneumatic-instrumentation-equipment/ATEX-56-IP5000-5100-E new_urls=1
  ✓ [1692] pend= 739 series        /atex/pneumatic-instrumentation-equipment/ATEX-IP8000-X14-IP8100-X14-E new_urls=1
  ✓ [1693] pend= 738 series        jp/atex/pneumatic-instrumentation-equipment/ATEX-52-IP8001-52-IP8101-E new_urls=1
  ✓ [1694] pend= 737 series        catalog/en-jp/atex/pneumatic-instrumentation-equipment/ATEX-56-IP200-E new_urls=1
  ✓ [1695] pend= 736 series        od-manufacturing-industry/directional-control-valves/HF1-HF1A-HF1-SY-E 
  ✓ [1696] pend= 735 series        od-manufacturing-industry/directional-control-valves/HF1-HF1A-HF1-VP-E 
  ✓ [1697] pend= 734 series        d-manufacturing-industry/directional-control-valves/HF1-HF1A-HF1B-VM-E 
  ✓ [1698] pend= 733 series        -manufacturing-industry/directional-control-valves/HF1-HF1A-HF1B-VHS-E 
  ✓ [1699] pend= 732 series        -food-manufacturing-industry/directional-control-valves/HF2-HF2A-JSY-E 
  ✓ [1700] pend= 731 series        -for-the-food-manufacturing-industry/air-cylinders/HF1-HF1A-CJ-CM-CG-E 
  ✓ [1701] pend= 730 series        -for-the-food-manufacturing-industry/air-cylinders/HF1-HF1A-CU-CQ-CB-E 
  ✓ [1702] pend= 729 series        -for-the-food-manufacturing-industry/air-cylinders/HF1-HF1A-CJ-CG-HY-E 
  ✓ [1703] pend= 728 series        pment-for-the-food-manufacturing-industry/air-cylinders/HF1-HF1A-MGP-E 
  ✓ [1704] pend= 727 series        quipment-for-the-food-manufacturing-industry/air-cylinders/HF1A-MGPK-E 
  ✓ [1705] pend= 726 series        ipment-for-the-food-manufacturing-industry/air-cylinders/HF1-HF1A-CX-E 
  ✓ [1706] pend= 725 series        uipment-for-the-food-manufacturing-industry/air-cylinders/HF1-HF1A-C-E 
  ✓ [1707] pend= 724 series        ipment-for-the-food-manufacturing-industry/air-cylinders/HF1-HF1A-JS-E 
  ✓ [1708] pend= 723 series        nt-for-the-food-manufacturing-industry/vacuum-equipment/HF1-HF1A-HF1-E 
  ✓ [1709] pend= 722 series        t-for-the-food-manufacturing-industry/vacuum-equipment/HF1-HF1A-HF1B-E 
  ✓ [1710] pend= 721 series        nt-for-the-food-manufacturing-industry/vacuum-equipment/HF3-HF3A-ZNC-E 
  ✓ [1711] pend= 720 series        -for-the-food-manufacturing-industry/electric-actuators/HF2-HF2A-LEY-E 
  ✓ [1712] pend= 719 series        ry/air-preparation-equipment-pressure-control-equipment/HF1-HF1A-IDG-E 
  ✓ [1713] pend= 718 series        air-preparation-equipment-pressure-control-equipment/HF1-HF1A-HF1B-A-E 
  ✓ [1714] pend= 717 series        try/air-preparation-equipment-pressure-control-equipment/HF1-HF1B-AF-E 
  ✓ [1715] pend= 716 series        ry/air-preparation-equipment-pressure-control-equipment/HF1-HF1B-AFM-E 
  ✓ [1716] pend= 715 series        ry/air-preparation-equipment-pressure-control-equipment/HF1-HF1B-AFD-E 
  ✓ [1717] pend= 714 series        r-preparation-equipment-pressure-control-equipment/HF1-HF1B-AR-AW-IR-E 
  ✓ [1718] pend= 713 series        ry/air-preparation-equipment-pressure-control-equipment/HF1-HF1B-ITV-E 
  ✓ [1719] pend= 712 series        ry/air-preparation-equipment-pressure-control-equipment/HF2-HF2A-HF2-E 
  ✓ [1720] pend= 711 series        -for-the-food-manufacturing-industry/fittings-and-tubing/HF1-HF1B-KF-E 
  ✓ [1721] pend= 710 series        food-manufacturing-industry/fittings-and-tubing/HF1-HF1B-KQ-KF-KP-KK-E 
  ✓ [1722] pend= 709 series        -the-food-manufacturing-industry/fittings-and-tubing/HF2-HF2A-KFG-KQ-E 
  ✓ [1723] pend= 708 series        manufacturing-industry/fittings-and-tubing/HF1-HF1B-T-TI-TS-TU-TC-TF-E 
  ✓ [1724] pend= 707 series        or-the-food-manufacturing-industry/fittings-and-tubing/HF2-HF2A-TU-X-E 
  ✓ [1725] pend= 706 series        food-manufacturing-industry/fittings-and-tubing/HF2-HF2A-TL-TH-TD-TP-E 
  ✓ [1726] pend= 705 series        ring-industry/flow-control-equipment-speed-controllers/HF1-HF1B-HF1B-E 
  ✓ [1727] pend= 704 series        uring-industry/flow-control-equipment-speed-controllers/HF1-HF1B-ASG-E 
  ✓ [1728] pend= 703 series        uring-industry/flow-control-equipment-speed-controllers/HF2-HF2A-ASG-E 
  ✓ [1729] pend= 702 series        -manufacturing-industry/nozzles-for-blowing-pressure-gauges/HF1-HF1B-E 
  ✓ [1730] pend= 701 series        anufacturing-industry/nozzles-for-blowing-pressure-gauges/HF1-HF1B-G-E 
  ✓ [1731] pend= 700 series        or-the-food-manufacturing-industry/switches-sensors/HF1-HF1B-ZSE-ISE-E 
  ✓ [1732] pend= 699 series        t-for-the-food-manufacturing-industry/switches-sensors/HF1-HF1B-IS10-E 
  ✓ [1733] pend= 698 series        ent-for-the-food-manufacturing-industry/switches-sensors/HF1-HF1B-PF-E 
  ✓ [1734] pend= 697 series        -for-the-food-manufacturing-industry/switches-sensors/HF1-HF1B-PFCA7-E 
  ✓ [1735] pend= 696 series        ment-for-the-food-manufacturing-industry/process-valves/HF1-HF1B-JSX-E 
  ✓ [1736] pend= 695 series        ment-for-the-food-manufacturing-industry/process-valves/HF3-HF3A-JSX-E 
  ✗ series        https://www.smcworld.com/webcatalog/en-jp/seriesList/?id=SJ3A6-E
  ✗ series        https://www.smcworld.com/webcatalog/en-jp/directional-control-valves/power-valves/VEX3-E
  ✗ series        https://www.smcworld.com/webcatalog/en-jp/electric-actuators-cylinders/controllers-drive
  ✗ series        https://www.smcworld.com/webcatalog/en-jp/vacuum-equipment/vacuum-pads/ZP2-T_N-E
  ✗ series        https://www.smcworld.com/webcatalog/en-jp/vacuum-equipment/vacuum-pads/ZP3-X1600-E
  ✗ series        https://www.smcworld.com/webcatalog/en-jp/explosion-proof-valves-ex-ccc/directional-cont
  ✗ series        https://www.smcworld.com/webcatalog/en-jp/explosion-proof-valves-ex-ccc/directional-cont
  ✗ series        https://www.smcworld.com/webcatalog/en-jp/explosion-proof-valves-ex-ccc/directional-cont
  ✗ series        https://www.smcworld.com/webcatalog/en-jp/explosion-proof-valves-ex-ccc/directional-cont
  ✗ series        https://www.smcworld.com/webcatalog/en-jp/vacuum-equipment/vacuum-ejectors-vacuum-genera
  ✓ [1737] pend= 684 series        webcatalog/en-jp/directional-control-valves/wireless-system/?view=list 
  ✓ [1738] pend= 683 series        catalog/en-jp/directional-control-valves/wireless-system/?view=picture 
  ✓ [1739] pend= 682 series        ebcatalog/en-jp/air-management-system/air-management-system/?view=list 
  ✓ [1740] pend= 681 series        atalog/en-jp/air-management-system/air-management-system/?view=picture 
  ✓ [1741] pend= 680 series        onal-control-valves/pilot-operated-4-5-port-solenoid-valves/?view=list 
  ✓ [1742] pend= 679 series        l-control-valves/pilot-operated-4-5-port-solenoid-valves/?view=picture 
  ✓ [1743] pend= 678 series        tional-control-valves/pilot-operated-3-port-solenoid-valves/?view=list 
  ✓ [1744] pend= 677 series        nal-control-valves/pilot-operated-3-port-solenoid-valves/?view=picture 
  ✓ [1745] pend= 676 series        l-control-valves/direct-operated-3-4-5-port-solenoid-valves/?view=list 
  ✓ [1746] pend= 675 series        ontrol-valves/direct-operated-3-4-5-port-solenoid-valves/?view=picture 
  ✓ [1747] pend= 674 series        p/directional-control-valves/reduced-wiring-fieldbus-system/?view=list 
  ✓ [1748] pend= 673 series        irectional-control-valves/reduced-wiring-fieldbus-system/?view=picture 
  ✓ [1749] pend= 672 series        atalog/en-jp/directional-control-valves/air-operated-valves/?view=list 
  ✓ [1750] pend= 671 series        log/en-jp/directional-control-valves/air-operated-valves/?view=picture 
  ✓ [1751] pend= 670 series        p/directional-control-valves/mechanical-valves-transmitters/?view=list 
  ✓ [1752] pend= 669 series        irectional-control-valves/mechanical-valves-transmitters/?view=picture 
  ✓ [1753] pend= 668 series        alves/finger-valve-hand-valves-residual-relief-3-port-valve/?view=list 
  ✓ [1754] pend= 667 series        es/finger-valve-hand-valves-residual-relief-3-port-valve/?view=picture 
  ✓ [1755] pend= 666 series        d.com/webcatalog/en-jp/directional-control-valves/blow-guns/?view=list 
  ✓ [1756] pend= 665 series        om/webcatalog/en-jp/directional-control-valves/blow-guns/?view=picture 
  ✓ [1757] pend= 664 series        om/webcatalog/en-jp/directional-control-valves/power-valves/?view=list 
  ✓ [1758] pend= 663 series        webcatalog/en-jp/directional-control-valves/power-valves/?view=picture 
  ✓ [1759] pend= 662 series        .com/webcatalog/en-jp/directional-control-valves/iso-valves/?view=list 
  ✓ [1760] pend= 661 series        m/webcatalog/en-jp/directional-control-valves/iso-valves/?view=picture 
  ✓ [1761] pend= 660 series        log/en-jp/directional-control-valves/explosion-proof-valves/?view=list 
  ✓ [1762] pend= 659 series        /en-jp/directional-control-valves/explosion-proof-valves/?view=picture 
  ✓ [1763] pend= 658 series        com/webcatalog/en-jp/air-cylinders/air-cylinders-round-type/?view=list variations=54 suffix_options=85
  ✓ [1764] pend= 657 series        /webcatalog/en-jp/air-cylinders/air-cylinders-round-type/?view=picture 
  ✗ series        https://www.smcworld.com/webcatalog/en-jp/leak-detector/leak-detector/PLD-E
  ✓ [1765] pend= 655 series        m/webcatalog/en-jp/air-cylinders/air-cylinders-square-cover/?view=list variations=33 suffix_options=111
  ✓ [1766] pend= 654 series        ebcatalog/en-jp/air-cylinders/air-cylinders-square-cover/?view=picture 
  ✓ [1767] pend= 653 series        ld.com/webcatalog/en-jp/air-cylinders/compact-air-cylinders/?view=list variations=52 suffix_options=62
  ✓ [1768] pend= 652 series        com/webcatalog/en-jp/air-cylinders/compact-air-cylinders/?view=picture 
  ✓ [1769] pend= 651 series        catalog/en-jp/air-cylinders/environment-resistant-cylinders/?view=list variations=36 suffix_options=15
  ✓ [1770] pend= 650 series        alog/en-jp/air-cylinders/environment-resistant-cylinders/?view=picture 
  ✓ [1771] pend= 649 series        .com/webcatalog/en-jp/air-cylinders/floating-joints-rod-end/?view=list 
  ✓ [1772] pend= 648 series        m/webcatalog/en-jp/air-cylinders/floating-joints-rod-end/?view=picture 
  ✓ [1773] pend= 647 series        smcworld.com/webcatalog/en-jp/air-cylinders/air-hydro-units/?view=list 
  ✓ [1774] pend= 646 series        world.com/webcatalog/en-jp/air-cylinders/air-hydro-units/?view=picture 
  ✓ [1775] pend= 645 series        /en-jp/air-cylinders/mechanically-jointed-rodless-cylinders/?view=list variations=13 suffix_options=9
  ✓ [1776] pend= 644 series        -jp/air-cylinders/mechanically-jointed-rodless-cylinders/?view=picture 
  ✓ [1777] pend= 643 series        /en-jp/air-cylinders/magnetically-coupled-rodless-cylinders/?view=list variations=10 suffix_options=21
  ✓ [1778] pend= 642 series        -jp/air-cylinders/magnetically-coupled-rodless-cylinders/?view=picture 
  ✓ [1779] pend= 641 series        smcworld.com/webcatalog/en-jp/air-cylinders/table-cylinders/?view=list variations=20 suffix_options=7
  ✓ [1780] pend= 640 series        world.com/webcatalog/en-jp/air-cylinders/table-cylinders/?view=picture 
  ✓ [1781] pend= 639 series        smcworld.com/webcatalog/en-jp/air-cylinders/guide-cylinders/?view=list variations=34 suffix_options=66
  ✓ [1782] pend= 638 series        world.com/webcatalog/en-jp/air-cylinders/guide-cylinders/?view=picture 
  ✓ [1783] pend= 637 series        world.com/webcatalog/en-jp/air-cylinders/dual-rod-cylinders/?view=list variations=12 suffix_options=23
  ✓ [1784] pend= 636 series        ld.com/webcatalog/en-jp/air-cylinders/dual-rod-cylinders/?view=picture 
  ✓ [1785] pend= 635 series        n-jp/air-cylinders/lock-cylinders-cylinder-with-an-end-lock/?view=list variations=15 suffix_options=27
  ✓ [1786] pend= 634 series        p/air-cylinders/lock-cylinders-cylinder-with-an-end-lock/?view=picture 
  ✓ [1787] pend= 633 series        orld.com/webcatalog/en-jp/air-cylinders/fine-lock-cylinders/?view=list variations=8 suffix_options=4
  ✓ [1788] pend= 632 series        d.com/webcatalog/en-jp/air-cylinders/fine-lock-cylinders/?view=picture 
  ✓ [1789] pend= 631 series        orld.com/webcatalog/en-jp/air-cylinders/specialty-cylinders/?view=list variations=29 suffix_options=12
  ✓ [1790] pend= 630 series        d.com/webcatalog/en-jp/air-cylinders/specialty-cylinders/?view=picture 
  ✓ [1791] pend= 629 series        smcworld.com/webcatalog/en-jp/air-cylinders/clamp-cylinders/?view=list variations=11 suffix_options=6
  ✓ [1792] pend= 628 series        world.com/webcatalog/en-jp/air-cylinders/clamp-cylinders/?view=picture 
  ✓ [1793] pend= 627 series        world.com/webcatalog/en-jp/air-cylinders/pin-shift-cylinder/?view=list variations=1
  ✓ [1794] pend= 626 series        ld.com/webcatalog/en-jp/air-cylinders/pin-shift-cylinder/?view=picture 
  ✓ [1795] pend= 625 series        cworld.com/webcatalog/en-jp/air-cylinders/stopper-cylinders/?view=list variations=6 suffix_options=4
  ✓ [1796] pend= 624 series        rld.com/webcatalog/en-jp/air-cylinders/stopper-cylinders/?view=picture 
  ✓ [1797] pend= 623 series        com/webcatalog/en-jp/air-cylinders/stroke-reading-cylinders/?view=list variations=4 suffix_options=1
  ✓ [1798] pend= 622 series        /webcatalog/en-jp/air-cylinders/stroke-reading-cylinders/?view=picture 
  ✓ [1799] pend= 621 series        /webcatalog/en-jp/air-cylinders/valve-mounted-air-cylinders/?view=list variations=11 suffix_options=9
  ✓ [1800] pend= 620 series        bcatalog/en-jp/air-cylinders/valve-mounted-air-cylinders/?view=picture 
  ✓ [1801] pend= 619 series        world.com/webcatalog/en-jp/air-cylinders/iso-cylinders-6432/?view=list variations=16
  ✓ [1802] pend= 618 series        ld.com/webcatalog/en-jp/air-cylinders/iso-cylinders-6432/?view=picture 
  ✓ [1803] pend= 617 series        orld.com/webcatalog/en-jp/air-cylinders/iso-cylinders-15552/?view=list variations=8
  ✓ [1804] pend= 616 series        d.com/webcatalog/en-jp/air-cylinders/iso-cylinders-15552/?view=picture 
  ✓ [1805] pend= 615 series        orld.com/webcatalog/en-jp/air-cylinders/iso-cylinders-21287/?view=list variations=6
  ✓ [1806] pend= 614 series        d.com/webcatalog/en-jp/air-cylinders/iso-cylinders-21287/?view=picture 
  ✓ [1807] pend= 613 series        w.smcworld.com/webcatalog/en-jp/air-cylinders/iso-cylinders/?view=list variations=8
  ✓ [1808] pend= 612 series        mcworld.com/webcatalog/en-jp/air-cylinders/iso-cylinders/?view=picture 
  ✓ [1809] pend= 611 series        smcworld.com/webcatalog/en-jp/air-cylinders/shock-absorbers/?view=list 
  ✓ [1810] pend= 610 series        world.com/webcatalog/en-jp/air-cylinders/shock-absorbers/?view=picture 
  ✓ [1811] pend= 609 series        w.smcworld.com/webcatalog/en-jp/air-cylinders/auto-switches/?view=list 
  ✓ [1812] pend= 608 series        mcworld.com/webcatalog/en-jp/air-cylinders/auto-switches/?view=picture 
  ✓ [1813] pend= 607 series        d.com/webcatalog/en-jp/air-cylinders/wireless-auto-switches/?view=list 
  ✓ [1814] pend= 606 series        om/webcatalog/en-jp/air-cylinders/wireless-auto-switches/?view=picture 
  ✓ [1815] pend= 605 series        com/webcatalog/en-jp/air-cylinders/actuator-position-sensor/?view=list 
  ✓ [1816] pend= 604 series        /webcatalog/en-jp/air-cylinders/actuator-position-sensor/?view=picture 
  ✓ [1817] pend= 603 series        n-jp/air-cylinders/flow-control-equipment-speed-controllers/?view=list 
  ✓ [1818] pend= 602 series        p/air-cylinders/flow-control-equipment-speed-controllers/?view=picture 
  ✓ [1819] pend= 601 series        jp/rotary-actuators-air-grippers/rotary-actuators-vane-type/?view=list 
  ✓ [1820] pend= 600 series        rotary-actuators-air-grippers/rotary-actuators-vane-type/?view=picture 
  ✓ [1821] pend= 599 series        ry-actuators-air-grippers/rotary-actuators-rack-pinion-type/?view=list 
  ✓ [1822] pend= 598 series        actuators-air-grippers/rotary-actuators-rack-pinion-type/?view=picture 
  ✓ [1823] pend= 597 series        jp/rotary-actuators-air-grippers/parallel-type-air-grippers/?view=list suffix_options=1
  ✓ [1824] pend= 596 series        rotary-actuators-air-grippers/parallel-type-air-grippers/?view=picture 
  ✓ [1825] pend= 595 series        -jp/rotary-actuators-air-grippers/angular-type-air-grippers/?view=list 
  ✓ [1826] pend= 594 series        /rotary-actuators-air-grippers/angular-type-air-grippers/?view=picture 
  ✓ [1827] pend= 593 series        catalog/en-jp/rotary-actuators-air-grippers/elastic-fingers/?view=list 
  ✓ [1828] pend= 592 series        alog/en-jp/rotary-actuators-air-grippers/elastic-fingers/?view=picture 
  ✓ [1829] pend= 591 series        catalog/en-jp/rotary-actuators-air-grippers/magnet-grippers/?view=list 
  ✓ [1830] pend= 590 series        alog/en-jp/rotary-actuators-air-grippers/magnet-grippers/?view=picture 
  ✓ [1831] pend= 589 series        tors-air-grippers/air-gripper-unit-for-collaborative-robots/?view=list 
  ✓ [1832] pend= 588 series        s-air-grippers/air-gripper-unit-for-collaborative-robots/?view=picture 
  ✓ [1833] pend= 587 series        ebcatalog/en-jp/rotary-actuators-air-grippers/auto-switches/?view=list 
  ✓ [1834] pend= 586 series        atalog/en-jp/rotary-actuators-air-grippers/auto-switches/?view=picture 
  ✓ [1835] pend= 585 series        catalog/en-jp/rotary-actuators-air-grippers/position-sensor/?view=list 
  ✓ [1836] pend= 584 series        alog/en-jp/rotary-actuators-air-grippers/position-sensor/?view=picture 
  ✓ [1837] pend= 583 series        om/webcatalog/en-jp/electric-actuators-cylinders/e-actuator/?view=list 
  ✓ [1838] pend= 582 series        webcatalog/en-jp/electric-actuators-cylinders/e-actuator/?view=picture 
  ✓ [1839] pend= 581 series        controller-manifold-controller-compatible-electric-actuator/?view=list 
  ✓ [1840] pend= 580 series        troller-manifold-controller-compatible-electric-actuator/?view=picture 
  ✓ [1841] pend= 579 series        tric-actuators-cylinders/battery-less-absolute-encoder-type/?view=list 
  ✓ [1842] pend= 578 series        c-actuators-cylinders/battery-less-absolute-encoder-type/?view=picture 
  ✓ [1843] pend= 577 series        m/webcatalog/en-jp/electric-actuators-cylinders/slider-type/?view=list 
  ✓ [1844] pend= 576 series        ebcatalog/en-jp/electric-actuators-cylinders/slider-type/?view=picture 
  ✓ [1845] pend= 575 series        /en-jp/electric-actuators-cylinders/rod-type-guide-rod-type/?view=list 
  ✓ [1846] pend= 574 series        -jp/electric-actuators-cylinders/rod-type-guide-rod-type/?view=picture 
  ✓ [1847] pend= 573 series        og/en-jp/electric-actuators-cylinders/electric-slide-tables/?view=list 
  ✓ [1848] pend= 572 series        en-jp/electric-actuators-cylinders/electric-slide-tables/?view=picture 
  ✓ [1849] pend= 571 series        com/webcatalog/en-jp/electric-actuators-cylinders/miniature/?view=list 
  ✓ [1850] pend= 570 series        /webcatalog/en-jp/electric-actuators-cylinders/miniature/?view=picture 
  ✓ [1851] pend= 569 series        g/en-jp/electric-actuators-cylinders/electric-rotary-tables/?view=list 
  ✓ [1852] pend= 568 series        n-jp/electric-actuators-cylinders/electric-rotary-tables/?view=picture 
  ✓ [1853] pend= 567 series        atalog/en-jp/electric-actuators-cylinders/electric-grippers/?view=list 
  ✓ [1854] pend= 566 series        log/en-jp/electric-actuators-cylinders/electric-grippers/?view=picture 
  ✓ [1855] pend= 565 series        rs-cylinders/electric-gripper-unit-for-collaborative-robots/?view=list 
  ✓ [1856] pend= 564 series        cylinders/electric-gripper-unit-for-collaborative-robots/?view=picture 
  ✓ [1857] pend= 563 series        alog/en-jp/electric-actuators-cylinders/controllers-drivers/?view=list 
  ✓ [1858] pend= 562 series        g/en-jp/electric-actuators-cylinders/controllers-drivers/?view=picture 
  ✓ [1859] pend= 561 series        /webcatalog/en-jp/electric-actuators-cylinders/teaching-box/?view=list 
  ✓ [1860] pend= 560 series        bcatalog/en-jp/electric-actuators-cylinders/teaching-box/?view=picture 
  ✓ [1861] pend= 559 series        m/webcatalog/en-jp/electric-actuators-cylinders/environment/?view=list 
  ✓ [1862] pend= 558 series        ebcatalog/en-jp/electric-actuators-cylinders/environment/?view=picture 
  ✓ [1863] pend= 557 series        ebcatalog/en-jp/electric-actuators-cylinders/motorless-type/?view=list 
  ✓ [1864] pend= 556 series        atalog/en-jp/electric-actuators-cylinders/motorless-type/?view=picture 
  ✓ [1865] pend= 555 series        atalog/en-jp/electric-actuators-cylinders/multi-axis-system/?view=list 
  ✓ [1866] pend= 554 series        log/en-jp/electric-actuators-cylinders/multi-axis-system/?view=picture 
  ✓ [1867] pend= 553 series        talog/en-jp/electric-actuators-cylinders/electric-cylinders/?view=list 
  ✓ [1868] pend= 552 series        og/en-jp/electric-actuators-cylinders/electric-cylinders/?view=picture 
  ✓ [1869] pend= 551 series        m/webcatalog/en-jp/electric-actuators-cylinders/card-motors/?view=list 
  ✓ [1870] pend= 550 series        ebcatalog/en-jp/electric-actuators-cylinders/card-motors/?view=picture 
  ✓ [1871] pend= 549 series        webcatalog/en-jp/electric-actuators-cylinders/made-to-order/?view=list 
  ✓ [1872] pend= 548 series        catalog/en-jp/electric-actuators-cylinders/made-to-order/?view=picture 
  ✓ [1873] pend= 547 series        og/en-jp/vacuum-equipment/vacuum-ejectors-vacuum-generators/?view=list 
  ✓ [1874] pend= 546 series        en-jp/vacuum-equipment/vacuum-ejectors-vacuum-generators/?view=picture 
  ✓ [1875] pend= 545 series        world.com/webcatalog/en-jp/vacuum-equipment/vacuum-ejectors/?view=list 
  ✓ [1876] pend= 544 series        ld.com/webcatalog/en-jp/vacuum-equipment/vacuum-ejectors/?view=picture 
  ✓ [1877] pend= 543 series        alog/en-jp/vacuum-equipment/vacuum-gripper-system-foam-type/?view=list 
  ✓ [1878] pend= 542 series        g/en-jp/vacuum-equipment/vacuum-gripper-system-foam-type/?view=picture 
  ✓ [1879] pend= 541 series        bcatalog/en-jp/vacuum-equipment/vacuum-releaser-valve-units/?view=list 
  ✓ [1880] pend= 540 series        talog/en-jp/vacuum-equipment/vacuum-releaser-valve-units/?view=picture 
  ✓ [1881] pend= 539 series        d.com/webcatalog/en-jp/vacuum-equipment/air-suction-filters/?view=list 
  ✓ [1882] pend= 538 series        om/webcatalog/en-jp/vacuum-equipment/air-suction-filters/?view=picture 
  ✓ [1883] pend= 537 series        .smcworld.com/webcatalog/en-jp/vacuum-equipment/vacuum-pads/?view=list 
  ✓ [1884] pend= 536 series        cworld.com/webcatalog/en-jp/vacuum-equipment/vacuum-pads/?view=picture 
  ✓ [1885] pend= 535 series        smcworld.com/webcatalog/en-jp/vacuum-equipment/special-pads/?view=list 
  ✓ [1886] pend= 534 series        world.com/webcatalog/en-jp/vacuum-equipment/special-pads/?view=picture 
  ✓ [1887] pend= 533 series        n-jp/vacuum-equipment/gripper-unit-for-collaborative-robots/?view=list 
  ✓ [1888] pend= 532 series        p/vacuum-equipment/gripper-unit-for-collaborative-robots/?view=picture 
  ✓ [1889] pend= 531 series        .com/webcatalog/en-jp/vacuum-equipment/vacuum-saving-valves/?view=list 
  ✓ [1890] pend= 530 series        m/webcatalog/en-jp/vacuum-equipment/vacuum-saving-valves/?view=picture 
  ✓ [1891] pend= 529 series        mcworld.com/webcatalog/en-jp/vacuum-equipment/magnet-buffer/?view=list 
  ✓ [1892] pend= 528 series        orld.com/webcatalog/en-jp/vacuum-equipment/magnet-buffer/?view=picture 
  ✓ [1893] pend= 527 series        .smcworld.com/webcatalog/en-jp/vacuum-equipment/vacuum-flow/?view=list 
  ✓ [1894] pend= 526 series        cworld.com/webcatalog/en-jp/vacuum-equipment/vacuum-flow/?view=picture 
  ✓ [1895] pend= 525 series        rld.com/webcatalog/en-jp/vacuum-equipment/vacuum-regulators/?view=list 
  ✓ [1896] pend= 524 series        .com/webcatalog/en-jp/vacuum-equipment/vacuum-regulators/?view=picture 
  ✓ [1897] pend= 523 series        en-jp/vacuum-equipment/related-equipment-for-vacuum-systems/?view=list 
  ✓ [1898] pend= 522 series        jp/vacuum-equipment/related-equipment-for-vacuum-systems/?view=picture 
  ✓ [1899] pend= 521 series        og/en-jp/gripper-for-collaborative-robots/electric-grippers/?view=list 
  ✓ [1900] pend= 520 series        en-jp/gripper-for-collaborative-robots/electric-grippers/?view=picture 
  ✓ [1901] pend= 519 series        p/gripper-for-collaborative-robots/electric-vacuum-grippers/?view=list 
  ✓ [1902] pend= 518 series        ripper-for-collaborative-robots/electric-vacuum-grippers/?view=picture 
  ✓ [1903] pend= 517 series        catalog/en-jp/gripper-for-collaborative-robots/air-grippers/?view=list 
  ✓ [1904] pend= 516 series        alog/en-jp/gripper-for-collaborative-robots/air-grippers/?view=picture 
  ✓ [1905] pend= 515 series        alog/en-jp/gripper-for-collaborative-robots/vacuum-grippers/?view=list 
  ✓ [1906] pend= 514 series        g/en-jp/gripper-for-collaborative-robots/vacuum-grippers/?view=picture 
  ✓ [1907] pend= 513 series        alog/en-jp/gripper-for-collaborative-robots/magnet-grippers/?view=list 
  ✓ [1908] pend= 512 series        g/en-jp/gripper-for-collaborative-robots/magnet-grippers/?view=picture 
  ✓ [1909] pend= 511 series        alog/en-jp/gripper-for-collaborative-robots/elastic-fingers/?view=list 
  ✓ [1910] pend= 510 series        g/en-jp/gripper-for-collaborative-robots/elastic-fingers/?view=picture 
  ✓ [1911] pend= 509 series        g/en-jp/gripper-for-collaborative-robots/multi-hand-adapter/?view=list 
  ✓ [1912] pend= 508 series        n-jp/gripper-for-collaborative-robots/multi-hand-adapter/?view=picture 
  ✓ [1913] pend= 507 series        catalog/en-jp/gripper-for-collaborative-robots/tool-changer/?view=list 
  ✓ [1914] pend= 506 series        alog/en-jp/gripper-for-collaborative-robots/tool-changer/?view=picture 
  ✓ [1915] pend= 505 series        om/webcatalog/en-jp/compact-compressors/compact-compressors/?view=list 
  ✓ [1916] pend= 504 series        webcatalog/en-jp/compact-compressors/compact-compressors/?view=picture 
  ✓ [1917] pend= 503 series        alog/en-jp/air-preparation-equipment/aftercoolers-air-tanks/?view=list 
  ✓ [1918] pend= 502 series        g/en-jp/air-preparation-equipment/aftercoolers-air-tanks/?view=picture 
  ✓ [1919] pend= 501 series        d.com/webcatalog/en-jp/air-preparation-equipment/air-dryers/?view=list 
  ✓ [1920] pend= 500 series        om/webcatalog/en-jp/air-preparation-equipment/air-dryers/?view=picture 
  ✓ [1921] pend= 499 series        log/en-jp/air-preparation-equipment/air-preparation-filters/?view=list 
  ✓ [1922] pend= 498 series        /en-jp/air-preparation-equipment/air-preparation-filters/?view=picture 
  ✓ [1923] pend= 497 series        paration-equipment/auto-drains-differential-pressure-gauges/?view=list 
  ✓ [1924] pend= 496 series        ation-equipment/auto-drains-differential-pressure-gauges/?view=picture 
  ✓ [1925] pend= 495 series        ular-frl-units-pressure-control-equipment/modular-frl-units/?view=list 
  ✓ [1926] pend= 494 series        r-frl-units-pressure-control-equipment/modular-frl-units/?view=picture 
  ✓ [1927] pend= 493 series        ure-control-equipment/modular-connection-compatible-devices/?view=list 
  ✓ [1928] pend= 492 series        -control-equipment/modular-connection-compatible-devices/?view=picture 
  ✓ [1929] pend= 491 series        -jp/modular-frl-units-pressure-control-equipment/regulators/?view=list 
  ✓ [1930] pend= 490 series        /modular-frl-units-pressure-control-equipment/regulators/?view=picture 
  ✓ [1931] pend= 489 series        its-pressure-control-equipment/electro-pneumatic-regulators/?view=list 
  ✓ [1932] pend= 488 series        -pressure-control-equipment/electro-pneumatic-regulators/?view=picture 
  ✓ [1933] pend= 487 series        units-pressure-control-equipment/proportional-control-valve/?view=list 
  ✓ [1934] pend= 486 series        ts-pressure-control-equipment/proportional-control-valve/?view=picture 
  ✓ [1935] pend= 485 series        ar-frl-units-pressure-control-equipment/proportional-valves/?view=list 
  ✓ [1936] pend= 484 series        frl-units-pressure-control-equipment/proportional-valves/?view=picture 
  ✓ [1937] pend= 483 series        lar-frl-units-pressure-control-equipment/booster-regulators/?view=list 
  ✓ [1938] pend= 482 series        -frl-units-pressure-control-equipment/booster-regulators/?view=picture 
  ✓ [1939] pend= 481 series        -frl-units-pressure-control-equipment/air-management-system/?view=list 
  ✓ [1940] pend= 480 series        l-units-pressure-control-equipment/air-management-system/?view=picture 
  ✓ [1941] pend= 479 series        g/en-jp/modular-frl-units/modular-frl-units-air-combination/?view=list 
  ✓ [1942] pend= 478 series        n-jp/modular-frl-units/modular-frl-units-air-combination/?view=picture 
  ✓ [1943] pend= 477 series        frl-units/air-filters-mist-separators-micro-mist-separators/?view=list 
  ✓ [1944] pend= 476 series        -units/air-filters-mist-separators-micro-mist-separators/?view=picture 
  ✓ [1945] pend= 475 series        smcworld.com/webcatalog/en-jp/modular-frl-units/lubricators/?view=list 
  ✓ [1946] pend= 474 series        world.com/webcatalog/en-jp/modular-frl-units/lubricators/?view=picture 
  ✓ [1947] pend= 473 series        orld.com/webcatalog/en-jp/modular-frl-units/modular-adapter/?view=list 
  ✓ [1948] pend= 244 series        d.com/webcatalog/en-jp/modular-frl-units/modular-adapter/?view=picture 
  ✓ [1949] pend= 243 series        com/webcatalog/en-jp/modular-frl-units/soft-start-up-valves/?view=list 
  ✓ [1950] pend= 242 series        talog/en-jp/modular-frl-units/pressure-relief-3-port-valves/?view=list 
  ✓ [1951] pend= 241 series        .smcworld.com/webcatalog/en-jp/modular-frl-units/regulators/?view=list 
  ✓ [1952] pend= 240 series        ld.com/webcatalog/en-jp/modular-frl-units/filter-regulators/?view=list 
  ✓ [1953] pend= 239 series        -jp/modular-frl-units/modular-connection-compatible-devices/?view=list 
  ✓ [1954] pend= 238 series        .com/webcatalog/en-jp/pressure-control-equipment/regulators/?view=list 
  ✓ [1955] pend= 237 series        -jp/pressure-control-equipment/electro-pneumatic-regulators/?view=list 
  ✓ [1956] pend= 236 series        atalog/en-jp/pressure-control-equipment/proportional-valves/?view=list 
  ✓ [1957] pend= 235 series        en-jp/pressure-control-equipment/proportional-control-valve/?view=list 
  ✓ [1958] pend= 234 series        alog/en-jp/pressure-control-equipment/air-management-system/?view=list 
  ✓ [1959] pend= 233 series        .com/webcatalog/en-jp/booster-regulators/booster-regulators/?view=list 
  ✓ [1960] pend= 232 series        ebcatalog/en-jp/lubrication-equipment/lubrication-equipment/?view=list 
  ✓ [1961] pend= 231 series        w.smcworld.com/webcatalog/en-jp/gas-generator/gas-generator/?view=list 
  ✓ [1962] pend= 230 series        log/en-jp/fittings-and-tubing/fittings-for-general-purposes/?view=list 
  ✓ [1963] pend= 229 series        talog/en-jp/fittings-and-tubing/s-couplers-multi-connectors/?view=list 
  ✓ [1964] pend= 228 series        en-jp/fittings-and-tubing/fittings-for-special-environments/?view=list 
  ✓ [1965] pend= 227 series        om/webcatalog/en-jp/fittings-and-tubing/clean-fluoropolymer/?view=list 
  ✓ [1966] pend= 226 series        w.smcworld.com/webcatalog/en-jp/fittings-and-tubing/tubings/?view=list 
  ✓ [1967] pend= 225 series        g/en-jp/fittings-and-tubing/tubing-for-special-environments/?view=list 
  ✓ [1968] pend= 224 series        m/webcatalog/en-jp/fittings-and-tubing/fluoropolymer-tubing/?view=list 
  ✓ [1969] pend= 223 series        d.com/webcatalog/en-jp/fittings-and-tubing/related-products/?view=list 
  ✓ [1970] pend= 222 series        p/flow-control-equipment-speed-controllers/general-purposes/?view=list 
  ✓ [1971] pend= 221 series        /flow-control-equipment-speed-controllers/low-speed-control/?view=list 
  ✓ [1972] pend= 220 series        ow-control-equipment-speed-controllers/special-environments/?view=list 
  ✓ [1973] pend= 219 series        -control-equipment-speed-controllers/with-special-functions/?view=list 
  ✓ [1974] pend= 218 series        low-control-equipment-speed-controllers/tool-operation-type/?view=list 
  ✓ [1975] pend= 217 series        -controllers/air-saving-speed-controllers-air-saving-valves/?view=list 
  ✓ [1976] pend= 216 series        ow-control-equipment-speed-controllers/remote-control-valve/?view=list 
  ✓ [1977] pend= 215 series        /flow-control-equipment-speed-controllers/related-equipment/?view=list 
  ✓ [1978] pend= 214 series        encers-exhaust-cleaners-blow-guns-pressure-gauges/silencers/?view=list 
  ✓ [1979] pend= 213 series        exhaust-cleaners-blow-guns-pressure-gauges/exhaust-cleaners/?view=list 
  ✓ [1980] pend= 212 series        -exhaust-cleaners-blow-guns-pressure-gauges/pressure-gauges/?view=list 
  ✓ [1981] pend= 211 series        ebcatalog/en-jp/air-blowing-equipment/air-blowing-equipment/?view=list 
  ✓ [1982] pend= 210 series        rs/electronic-pressure-switches-sensors-self-contained-type/?view=list 
  ✓ [1983] pend= 209 series        ontrollers/electronic-pressure-switches-sensors-remote-type/?view=list 
  ✓ [1984] pend= 208 series        p/switches-sensors-controllers/mechanical-pressure-switches/?view=list 
  ✓ [1985] pend= 207 series        itches-sensors-controllers/electronic-flow-switches-sensors/?view=list 
  ✓ [1986] pend= 206 series        n-jp/switches-sensors-controllers/clamp-on-type-flow-sensor/?view=list 
  ✓ [1987] pend= 205 series        en-jp/switches-sensors-controllers/mechanical-flow-switches/?view=list 
  ✓ [1988] pend= 204 series        og/en-jp/switches-sensors-controllers/air-management-system/?view=list 
  ✓ [1989] pend= 203 series        catalog/en-jp/switches-sensors-controllers/flow-controllers/?view=list 
  ✓ [1990] pend= 202 series        rs-controllers/electronic-temperature-and-humidity-switches/?view=list 
  ✓ [1991] pend= 201 series        witches-sensors-controllers/auto-switches-for-air-cylinders/?view=list 
  ✓ [1992] pend= 200 series        rollers/auto-switches-for-rotary-actuators-and-air-grippers/?view=list 
  ✓ [1993] pend= 199 series        bcatalog/en-jp/switches-sensors-controllers/position-sensor/?view=list 
  ✓ [1994] pend= 198 series        /en-jp/static-neutralization-equipment-ionizers/ionizer-bar/?view=list 
  ✓ [1995] pend= 197 series        -jp/static-neutralization-equipment-ionizers/ionizer-nozzle/?view=list 
  ✓ [1996] pend= 196 series        /en-jp/static-neutralization-equipment-ionizers/ionizer-fan/?view=list 
  ✓ [1997] pend= 195 series        /en-jp/static-neutralization-equipment-ionizers/ionizer-gun/?view=list 
  ✓ [1998] pend= 194 series        -jp/static-neutralization-equipment-ionizers/ionizer-duster/?view=list 
  ✓ [1999] pend= 193 series        tic-neutralization-equipment-ionizers/ionizer-electrostatic/?view=list 
  ✓ [2000] pend= 192 series        log/en-jp/static-neutralization-equipment-ionizers/ionizers/?view=list 
  ✓ [2001] pend= 191 series        ndustrial-communication/wireless-system-profinet-compatible/?view=list 
  ✓ [2002] pend= 190 series        strial-communication/wireless-system-ethernet-ip-compatible/?view=list 
  ✓ [2003] pend= 189 series        ndustrial-communication/wireless-system-ethercat-compatible/?view=list 
  ✓ [2004] pend= 188 series        industrial-communication/wireless-system-io-link-compatible/?view=list 
  ✓ [2005] pend= 187 series        industrial-communication/wireless-system-cc-link-compatible/?view=list 
  ✓ [2006] pend= 186 series        dustrial-communication/wireless-system-devicenet-compatible/?view=list 
  ✓ [2007] pend= 185 series        ustrial-communication/wireless-system-modbus-tcp-compatible/?view=list 
  ✓ [2008] pend= 184 series        -jp/industrial-communication/wireless-system-devicenet-slmp/?view=list 
  ✓ [2009] pend= 183 series        -communication/industrial-communication-profinet-compatible/?view=list 
  ✓ [2010] pend= 182 series        mmunication/industrial-communication-ethernet-ip-compatible/?view=list 
  ✓ [2011] pend= 181 series        -communication/industrial-communication-ethercat-compatible/?view=list 
  ✓ [2012] pend= 180 series        communication/industrial-communication-profisafe-compatible/?view=list 
  ✓ [2013] pend= 179 series        ndustrial-communication/industrial-communication-cip-safety/?view=list 
  ✓ [2014] pend= 178 series        on/industrial-communication-safety-over-ethercat-compatible/?view=list 
  ✓ [2015] pend= 177 series        l-communication/industrial-communication-io-link-compatible/?view=list 
  ✓ [2016] pend= 176 series        nication/industrial-communication-cc-link-ie-tsn-compatible/?view=list 
  ✓ [2017] pend= 175 series        ommunication/industrial-communication-cc-link-ie-compatible/?view=list 
  ✓ [2018] pend= 174 series        ommunication/industrial-communication-modbus-tcp-compatible/?view=list 
  ✓ [2019] pend= 173 series        al-communication/industrial-communication-ethernet-powerink/?view=list 
  ✓ [2020] pend= 172 series        nication/industrial-communication-mechatrolink-3-compatible/?view=list 
  ✓ [2021] pend= 171 series        l-communication/industrial-communication-sscnet3-compatible/?view=list 
  ✓ [2022] pend= 170 series        -communication/industrial-communication-profibus-compatible/?view=list 
  ✓ [2023] pend= 169 series        communication/industrial-communication-devicenet-compatible/?view=list 
  ✓ [2024] pend= 168 series        l-communication/industrial-communication-cc-link-compatible/?view=list 
  ✓ [2025] pend= 167 series        munication/industrial-communication-as-interface-compatible/?view=list 
  ✓ [2026] pend= 166 series        -communication/industrial-communication-componet-compatible/?view=list 
  ✓ [2027] pend= 165 series        -communication/industrial-communication-interbus-compatible/?view=list 
  ✓ [2028] pend= 164 series        nication/industrial-communication-mechatrolink-2-compatible/?view=list 
  ✓ [2029] pend= 163 series        al-communication/industrial-communication-rs232c-compatible/?view=list 
  ✓ [2030] pend= 162 series        ial-communication/industrial-communication-rs485-compatible/?view=list 
  ✓ [2031] pend= 161 series        process-valves/2-3-port-solenoid-valves-air-operated-valves/?view=list 
  ✓ [2032] pend= 160 series        talog/en-jp/process-valves/compact-2-3-port-solenoid-valves/?view=list 
  ✓ [2033] pend= 159 series        /webcatalog/en-jp/process-valves/proportional-control-valve/?view=list 
  ✓ [2034] pend= 158 series        talog/en-jp/process-valves/5.0-mpa-2-3-port-solenoid-valves/?view=list 
  ✓ [2035] pend= 157 series        ss-valves/2-3-port-valves-for-general-purpose-fluid-control/?view=list 
  ✓ [2036] pend= 156 series        smcworld.com/webcatalog/en-jp/process-valves/coolant-valves/?view=list 
  ✓ [2037] pend= 155 series        jp/process-valves/valves-for-water-and-chemical-base-fluids/?view=list 
  ✓ [2038] pend= 154 series        valves-fittings-needle-valves-tubing/chemical-liquid-valves/?view=list 
  ✓ [2039] pend= 153 series        valves-fittings-needle-valves-tubing/fittings-needle-valves/?view=list 
  ✓ [2040] pend= 152 series        d-valves-fittings-needle-valves-tubing/fluoropolymer-tubing/?view=list 
  ✓ [2041] pend= 151 series        process-pumps-diaphragm-pumps/process-pumps-diaphragm-pumps/?view=list 
  ✓ [2042] pend= 150 series        og/en-jp/process-pumps-diaphragm-pumps/liquid-dispense-pump/?view=list 
  ✓ [2043] pend= 149 series        -control-equipment/thermo-chillers-standard-type-basic-type/?view=list 
  ✓ [2044] pend= 148 series        temperature-control-equipment/thermo-chillers-inverter-type/?view=list 
  ✓ [2045] pend= 147 series        e-control-equipment/thermo-chillers-dual-channel-for-lasers/?view=list 
  ✓ [2046] pend= 146 series        mperature-control-equipment/thermo-chillers-rack-mount-type/?view=list 
  ✓ [2047] pend= 145 series        illers-high-performance-type-high-performance-inverter-type/?view=list 
  ✓ [2048] pend= 144 series        temperature-control-equipment/chiller-compliant-regulations/?view=list 
  ✓ [2049] pend= 143 series        perature-control-equipment/thermo-cons-thermoelectric-baths/?view=list 
  ✓ [2050] pend= 142 series        p/temperature-control-equipment/air-temperature-controllers/?view=list 
  ✓ [2051] pend= 141 series        ebcatalog/en-jp/process-gas-equipment/process-gas-equipment/?view=list 
  ✓ [2052] pend= 140 series        m/webcatalog/en-jp/high-vacuum-equipment/high-vacuum-valves/?view=list 
  ✓ [2053] pend= 139 series        w.smcworld.com/webcatalog/en-jp/high-vacuum-equipment/other/?view=list 
  ✓ [2054] pend= 138 series        orld.com/webcatalog/en-jp/high-vacuum-equipment/slit-valves/?view=list 
  ✓ [2055] pend= 137 series        og/en-jp/high-vacuum-equipment/rodless-cylinders-for-vacuum/?view=list 
  ✓ [2056] pend= 136 series        dustrial-filters-sintered-metal-elements/industrial-filters/?view=list 
  ✓ [2057] pend= 135 series        ial-filters-sintered-metal-elements/sintered-metal-elements/?view=list 
  ✓ [2058] pend= 134 series        talog/en-jp/pneumatic-instrumentation-equipment/positioners/?view=list 
  ✓ [2059] pend= 133 series        atalog/en-jp/pneumatic-instrumentation-equipment/regulators/?view=list 
  ✓ [2060] pend= 132 series        log/en-jp/pneumatic-instrumentation-equipment/relays-valves/?view=list 
  ✓ [2061] pend= 131 series        tic-instrumentation-equipment/electro-pneumatic-transducers/?view=list 
  ✓ [2062] pend= 130 series        catalog/en-jp/pneumatic-instrumentation-equipment/actuators/?view=list variations=1
  ✓ [2063] pend= 129 series        umatic-instrumentation-equipment/detection-conversion-units/?view=list 
  ✓ [2064] pend= 128 series        g/en-jp/pneumatic-instrumentation-equipment/solenoid-valves/?view=list 
  ✓ [2065] pend= 127 series        /en-jp/pneumatic-instrumentation-equipment/piping-materials/?view=list 
  ✓ [2066] pend= 126 series        om/webcatalog/en-jp/hydraulic-equipment/hydraulic-cylinders/?view=list variations=14
  ✓ [2067] pend= 125 series        om/webcatalog/en-jp/hydraulic-equipment/hydraulic-equipment/?view=list 
  ✓ [2068] pend= 124 series        n-series-low-particle-generation/directional-control-valves/?view=list 
  ✓ [2069] pend= 123 series        og/en-jp/clean-series-low-particle-generation/air-cylinders/?view=list variations=28
  ✓ [2070] pend= 122 series        en-jp/clean-series-low-particle-generation/rotary-actuators/?view=list 
  ✓ [2071] pend= 121 series        log/en-jp/clean-series-low-particle-generation/air-grippers/?view=list 
  ✓ [2072] pend= 120 series        talog/en-jp/clean-series-low-particle-generation/air-dryers/?view=list 
  ✓ [2073] pend= 119 series        w-particle-generation/compressed-air-cleaning-filter-Series/?view=list 
  ✓ [2074] pend= 118 series        eries-low-particle-generation/clean-gas-filters-air-filters/?view=list 
  ✓ [2075] pend= 117 series        eration/exhaust-cleaner-for-clean-room-clean-exhaust-filter/?view=list 
  ✓ [2076] pend= 116 series        cle-generation/modular-frl-units-pressure-control-equipment/?view=list 
  ✓ [2077] pend= 115 series        catalog/en-jp/clean-series-low-particle-generation/fittings/?view=list 
  ✓ [2078] pend= 114 series        ebcatalog/en-jp/clean-series-low-particle-generation/tubing/?view=list 
  ✓ [2079] pend= 113 series        article-generation/flow-control-equipment-speed-controllers/?view=list 
  ✓ [2080] pend= 112 series        en-jp/clean-series-low-particle-generation/switches-sensors/?view=list 
  ✓ [2081] pend= 111 series        og/en-jp/clean-series-low-particle-generation/flow-switches/?view=list 
  ✓ [2082] pend= 110 series        -jp/clean-series-low-particle-generation/electric-actuators/?view=list 
  ✓ [2083] pend= 109 series        -equipment-pvc-equipment/high-purity-chemical-liquid-valves/?view=list 
  ✓ [2084] pend= 108 series        olymer-equipment-pvc-equipment/fittings-needle-valve-tubing/?view=list 
  ✓ [2085] pend= 107 series        luoropolymer-equipment-pvc-equipment/fluororesin-regulators/?view=list 
  ✓ [2086] pend= 106 series        polymer-equipment-pvc-equipment/fluoropolymer-flow-switches/?view=list 
  ✓ [2087] pend= 105 series        polymer-equipment-pvc-equipment/fluoropolymer-process-pumps/?view=list 
  ✓ [2088] pend= 104 series        alog/en-jp/fluoropolymer-equipment-pvc-equipment/pvc-valves/?view=list 
  ✓ [2089] pend= 103 series        -jp/fluoropolymer-equipment-pvc-equipment/pvc-flow-switches/?view=list 
  ✓ [2090] pend= 102 series        r-fluorine-free-equipment-series-20/copper-fluorine-free-20/?view=list 
  ✓ [2091] pend= 101 series        e-with-secondary-batteries-series-25a/air-management-system/?view=list 
  ✓ [2092] pend= 100 series        h-secondary-batteries-series-25a/directional-control-valves/?view=list 
  ✓ [2093] pend=  99 series        patible-with-secondary-batteries-series-25a/wireless-system/?view=list 
  ✓ [2094] pend=  98 series        es-compatible-with-secondary-batteries-series-25a/actuators/?view=list 
  ✓ [2095] pend=  97 series        atible-with-secondary-batteries-series-25a/related-products/?view=list 
  ✓ [2096] pend=  96 series        econdary-batteries-series-25a/rotary-actuators-air-grippers/?view=list 
  ✓ [2097] pend=  95 series        atible-with-secondary-batteries-series-25a/vacuum-equipment/?view=list 
  ✓ [2098] pend=  94 series        ries-series-25a/air-preparation-equipment-clean-air-filters/?view=list 
  ✓ [2099] pend=  93 series        ies-series-25a/modular-frl-units-pressure-control-equipment/?view=list 
  ✓ [2100] pend=  92 series        ondary-batteries-series-25a/flow-control-equipment-fittings/?view=list 
  ✓ [2101] pend=  91 series        ries-compatible-with-secondary-batteries-series-25a/tubings/?view=list 
  ✓ [2102] pend=  90 series        ndary-batteries-series-25a/detection-switches-auto-switches/?view=list 
  ✓ [2103] pend=  89 series        tteries-series-25a/static-neutralization-equipment-ionizers/?view=list 
  ✓ [2104] pend=  88 series        mpatible-with-secondary-batteries-series-25a/process-valves/?view=list 
  ✓ [2105] pend=  87 series        e-with-secondary-batteries-series-25a/process-gas-equipment/?view=list 
  ✓ [2106] pend=  86 series        ible-with-secondary-batteries-series-25a/electric-actuators/?view=list 
  ✓ [2107] pend=  85 series        .smcworld.com/webcatalog/en-jp/iso-products/solenoid-valves/?view=list 
  ✓ [2108] pend=  84 series        ww.smcworld.com/webcatalog/en-jp/iso-products/air-cylinders/?view=list variations=30
  ✓ [2109] pend=  83 series        ocess-equipment/spatter-resistant-cylinders-for-arc-welding/?view=list variations=10
  ✓ [2110] pend=  82 series        log/en-jp/arc-welding-process-equipment/specialty-cylinders/?view=list 
  ✓ [2111] pend=  81 series        en-jp/arc-welding-process-equipment/gas-air-switching-valve/?view=list 
  ✓ [2112] pend=  80 series        alog/en-jp/arc-welding-process-equipment/detection-switches/?view=list 
  ✓ [2113] pend=  79 series        ng-process-equipment/tubing-fittings-flow-control-equipment/?view=list 
  ✓ [2114] pend=  78 series        webcatalog/en-jp/io-link-compatible-products/io-link-master/?view=list 
  ✓ [2115] pend=  77 series        log/en-jp/io-link-compatible-products/air-management-system/?view=list 
  ✓ [2116] pend=  76 series        catalog/en-jp/io-link-compatible-products/pressure-switches/?view=list 
  ✓ [2117] pend=  75 series        log/en-jp/io-link-compatible-products/digital-flow-switches/?view=list 
  ✓ [2118] pend=  74 series        ebcatalog/en-jp/io-link-compatible-products/flow-controller/?view=list 
  ✓ [2119] pend=  73 series        bcatalog/en-jp/io-link-compatible-products/position-sensors/?view=list 
  ✓ [2120] pend=  72 series        /webcatalog/en-jp/io-link-compatible-products/auto-switches/?view=list 
  ✓ [2121] pend=  71 series        ld.com/webcatalog/en-jp/io-link-compatible-products/si-unit/?view=list 
  ✓ [2122] pend=  70 series        webcatalog/en-jp/io-link-compatible-products/manifold-valve/?view=list 
  ✓ [2123] pend=  69 series        ebcatalog/en-jp/io-link-compatible-products/vacuum-manifold/?view=list 
  ✓ [2124] pend=  68 series        jp/io-link-compatible-products/electro-pneumatic-regulators/?view=list 
  ✓ [2125] pend=  67 series        d.com/webcatalog/en-jp/io-link-compatible-products/Ionizers/?view=list 
  ✓ [2126] pend=  66 series        com/webcatalog/en-jp/io-link-compatible-products/e-actuator/?view=list 
  ✓ [2127] pend=  65 series        og/en-jp/io-link-compatible-products/step-motor-controllers/?view=list 
  ✓ [2128] pend=  64 series        log/en-jp/io-link-compatible-products/vacuum-gripper-system/?view=list 
  ✓ [2129] pend=  63 series        /webcatalog/en-jp/io-link-compatible-products/terminal-unit/?view=list 
  ✓ [2130] pend=  62 series        -jp/nitrogen-n2-ompatible-equipment/air-preparation-filters/?view=list 
  ✓ [2131] pend=  61 series        /nitrogen-n2-ompatible-equipment/pressure-control-equipment/?view=list 
  ✓ [2132] pend=  60 series        talog/en-jp/nitrogen-n2-ompatible-equipment/pressure-gauges/?view=list 
  ✓ [2133] pend=  59 series        m/webcatalog/en-jp/nitrogen-n2-ompatible-equipment/fittings/?view=list 
  ✓ [2134] pend=  58 series        om/webcatalog/en-jp/nitrogen-n2-ompatible-equipment/tubings/?view=list 
  ✓ [2135] pend=  57 series        talog/en-jp/nitrogen-n2-ompatible-equipment/throttle-valves/?view=list 
  ✓ [2136] pend=  56 series        log/en-jp/nitrogen-n2-ompatible-equipment/pressure-switches/?view=list 
  ✓ [2137] pend=  55 series        catalog/en-jp/nitrogen-n2-ompatible-equipment/flow-switches/?view=list 
  ✓ [2138] pend=  54 series        ompatible-equipment/process-valves-2-3-port-solenoid-valves/?view=list 
  ✓ [2139] pend=  53 series        n-jp/nitrogen-n2-ompatible-equipment/chemical-liquid-valves/?view=list 
  ✓ [2140] pend=  52 series        og/en-jp/nitrogen-n2-ompatible-equipment/high-vacuum-valves/?view=list 
  ✓ [2141] pend=  51 series        en-jp/nitrogen-n2-ompatible-equipment/process-gas-equipment/?view=list 
  ✓ [2142] pend=  50 series        -jp/nitrogen-n2-ompatible-equipment/sintered-metal-elements/?view=list 
  ✓ [2143] pend=  49 series        m/webcatalog/en-jp/atex/directional-control-valves-fieldbus/?view=list 
  ✓ [2144] pend=  48 series        https://www.smcworld.com/webcatalog/en-jp/atex/actuators/?view=list    
  ✓ [2145] pend=  47 series        ttps://www.smcworld.com/webcatalog/en-jp/atex/auto-switches/?view=list 
  ✓ [2146] pend=  46 series        s://www.smcworld.com/webcatalog/en-jp/atex/rotary-actuators/?view=list 
  ✓ [2147] pend=  45 series        //www.smcworld.com/webcatalog/en-jp/atex/booster-regulators/?view=list 
  ✓ [2148] pend=  44 series        ://www.smcworld.com/webcatalog/en-jp/atex/pressure-switches/?view=list 
  ✓ [2149] pend=  43 series        tps://www.smcworld.com/webcatalog/en-jp/atex/process-valves/?view=list 
  ✓ [2150] pend=  42 series        m/webcatalog/en-jp/atex/pneumatic-instrumentation-equipment/?view=list 
  ✓ [2151] pend=  41 series        -the-food-manufacturing-industry/directional-control-valves/?view=list 
  ✓ [2152] pend=  40 series        equipment-for-the-food-manufacturing-industry/air-cylinders/?view=list 
  ✓ [2153] pend=  39 series        ipment-for-the-food-manufacturing-industry/vacuum-equipment/?view=list 
  ✓ [2154] pend=  38 series        ment-for-the-food-manufacturing-industry/electric-actuators/?view=list 
  ✓ [2155] pend=  37 series        dustry/air-preparation-equipment-pressure-control-equipment/?view=list 
  ✓ [2156] pend=  36 series        ent-for-the-food-manufacturing-industry/fittings-and-tubing/?view=list 
  ✓ [2157] pend=  35 series        facturing-industry/flow-control-equipment-speed-controllers/?view=list 
  ✓ [2158] pend=  34 series        -manufacturing-industry/nozzles-for-blowing-pressure-gauges/?view=list 
  ✓ [2159] pend=  33 series        ipment-for-the-food-manufacturing-industry/switches-sensors/?view=list 
  ✓ [2160] pend=  32 series        quipment-for-the-food-manufacturing-industry/process-valves/?view=list 
  ✓ [2161] pend=  31 series        -jp/equipment-for-the-semiconductor-industries/exhaust-line/?view=list 
  ✓ [2162] pend=  30 series        ent-for-the-semiconductor-industries/n2-gas-air-supply-line/?view=list 
  ✓ [2163] pend=  29 series        ipment-for-the-semiconductor-industries/slit-valve-transfer/?view=list 
  ✓ [2164] pend=  28 series        or-the-semiconductor-industries/temperature-adjustment-line/?view=list 
  ✓ [2165] pend=  27 series        uipment-for-the-semiconductor-industries/cooling-water-line/?view=list 
  ✓ [2166] pend=  26 series        the-semiconductor-industries/cooling-water-piping-equipment/?view=list 
  ✓ [2167] pend=  25 series        re-adjustment-line/thermo-chillers-standard-type-basic-type/?view=list 
  ✓ [2168] pend=  24 series        s-temperature-adjustment-line/thermo-chillers-inverter-type/?view=list 
  ✓ [2169] pend=  23 series        temperature-adjustment-line/thermo-chillers-rack-mount-type/?view=list 
  ✓ [2170] pend=  22 series        illers-high-performance-type-high-performance-inverter-type/?view=list 
  ✓ [2171] pend=  21 series        s-temperature-adjustment-line/chiller-compliant-regulations/?view=list 
  ✓ [2172] pend=  20 series        emperature-adjustment-line/thermo-cons-thermoelectric-baths/?view=list 
  ✓ [2173] pend=  19 series        l-communication/wireless-system-cc-link-compatible-products/?view=list 
  ✓ [2174] pend=  18 series        jp/explosion-proof-valves-ex-ccc/directional-control-valves/?view=list 
  ✓ [2175] pend=  17 series        ebcatalog/en-jp/explosion-proof-valves-ex-ccc/auto-switches/?view=list 
  ✓ [2176] pend=  16 series        ion-proof-valves-ex-ccc/pneumatic-instrumentation-equipment/?view=list 
  ✓ [2177] pend=  15 series        ttps://www.smcworld.com/webcatalog/en-jp/seriesList/?id=GUIDE&id=TCU-E 
  ✗ series        https://www.smcworld.com/webcatalog/en-jp/air-cylinders/air-cylinders-round-type/NCM
  ✗ series        https://www.smcworld.com/webcatalog/en-jp/air-cylinders/air-cylinders-round-type/7/16″, 
  ✗ series        https://www.smcworld.com/webcatalog/en-jp/air-cylinders/air-cylinders-square-cover/NCA1
  ✗ series        https://www.smcworld.com/webcatalog/en-jp/air-cylinders/air-cylinders-square-cover/1.5″,
  ✗ series        https://www.smcworld.com/webcatalog/en-jp/air-cylinders/compact-air-cylinders/NCQ8
  ✗ series        https://www.smcworld.com/webcatalog/en-jp/air-cylinders/compact-air-cylinders/9/16″, 3/4
  ✗ series        https://www.smcworld.com/webcatalog/en-jp/electric-actuators-cylinders/rod-type-guide-ro
  ✗ series        https://www.smcworld.com/webcatalog/en-jp/electric-actuators-cylinders/controllers-drive
  ✓ [2178] pend=   6 series        https://www.smcworld.com/webcatalog/en-jp/seriesList/?id=AV-A-E        
  ✗ series        https://www.smcworld.com/webcatalog/en-jp/seriesList/?type=GUIDE&id=AS-E
  ✓ [2179] pend=   4 series        https://www.smcworld.com/webcatalog/en-jp/seriesList/?id=PF2M7-E       
  ✗ series        https://www.smcworld.com/webcatalog/en-jp/chemical-liquid-valves-fittings-needle-valves-
  ✗ series        https://www.smcworld.com/webcatalog/en-jp/chemical-liquid-valves-fittings-needle-valves-
  ✗ series        https://www.smcworld.com/webcatalog/en-jp/chemical-liquid-valves-fittings-needle-valves-
  ✗ series        https://www.smcworld.com/webcatalog/en-jp/searchSite/products/en/s.do?ca_id=670

xong: 2179 tải được, 30 lỗi, 38.4 phút
{
  "queue": {
    "category/done": 88,
    "category/failed": 1,
    "index_letter/done": 26,
    "pdf/pending": 1252,
    "series/done": 1733,
    "series/failed": 24,
    "series/skipped": 228,
    "subcategory/done": 338,
    "subcategory/failed": 5
  },
  "source_doc": 2185,
  "category": 152,
  "series": 1296,
  "code_slot": 0,
  "code_option": 0,
  "part": 0,
  "crawl_fetch": 2185,
  "extract_run": 1759,
  "review_item": 613
}
